일련번호,접수번호,측정주파수값,준첨두값,기준값,여유도,측정시간,대역폭,편파내용,보정계수
1,2004-05-0035701,0.02,90.9,106,15.1,1000,0.2,V,0
2,2004-05-0035701,0.07,51,104.2,53.2,1000,0.2,V,0
3,2004-05-0035701,0.15,-1.6,76,77.6,1000,0.2,V,0
4,2004-05-0035701,0.44,31.7,68.7,37,1000,9,V,0
5,2004-05-0035701,0.86,27.5,64.1,36.7,1000,9,V,0
6,2004-05-0035701,13.96,0.6,45.2,44.6,1000,9,V,0.2
7,2004-05-0035801,0.05,75.6,,30.4,1000,0.2,V,0
8,2004-05-0035801,0.14,46.4,,31.3,1000,0.2,V,0
9,2004-05-0035801,0.24,51.4,,21.5,1000,9,V,0
10,2004-05-0035801,0.33,44.2,,26.4,1000,9,V,0
11,2004-05-0035801,0.72,29.1,,36.2,1000,9,V,0
12,2004-05-0035801,14.22,7.4,,37.7,1000,9,V,0.2
13,2004-05-0036082,0.05,77.2,,28.8,1000,0.2,V,0
14,2004-05-0036082,0.24,52.5,,20.3,1000,9,V,0
15,2004-05-0036082,0.24,47.7,,25,1000,9,V,0
16,2004-05-0036082,0.62,34.6,,31.8,1000,9,V,0
17,2004-05-0036082,1,25,,38.1,1000,9,V,0.1
18,2004-05-0036082,14.67,-1.5,,46.3,1000,9,V,0.2
19,2005-05-0028715,0.02,76.3,,29.7,1000,0.2,V,0
20,2005-05-0028715,0.2,26.2,,48,1000,9,V,0
21,2005-05-0028715,0.52,19.7,,47.9,1000,9,V,0
22,2005-05-0028715,0.71,3.6,,61.9,1000,9,V,0
23,2005-05-0028715,6.25,4.5,,46.1,1000,9,V,0.1
24,2005-05-0028715,14.43,3.8,,41.1,1000,9,V,0.2
25,2005-05-0028718,0.02,74.2,,31.8,1000,0.2,V,0
26,2005-05-0028718,0.05,50.8,,55.2,1000,0.2,V,0
27,2005-05-0028718,0.07,35.2,,68.8,1000,0.2,V,0
28,2005-05-0028718,0.31,15.9,,55.3,1000,9,V,0
29,2005-05-0028718,0.7,15.5,,50,1000,9,V,0
30,2005-05-0028718,1.67,-3.2,,62.8,1000,9,V,0.1
31,2005-05-0028726,0.02,73.1,,32.9,1000,0.2,V,0
32,2005-05-0028726,0.05,52.1,,53.9,1000,0.2,V,0
33,2005-05-0028726,0.07,34.2,,69.8,1000,0.2,V,0
34,2005-05-0028726,0.36,16.1,,53.9,1000,9,V,0
35,2005-05-0028726,0.62,17.9,,48.5,1000,9,V,0
36,2005-05-0028726,6.6,1.1,,49.2,1000,9,V,0.1
37,2006-05-0026730,0.03,72.5,,15.5,1000,0.2,H,0
38,2006-05-0026730,0.13,37,,27.1,1000,0.2,H,0
39,2006-05-0026730,6.34,2.7,,29.8,1000,9,H,0.1
40,2006-05-0026730,12.78,-3.9,,31.7,1000,9,H,0.2
41,2006-05-0026730,13.93,-0.2,,27.4,1000,9,H,0.2
42,2006-05-0026730,27.48,-2.5,,25.1,1000,9,H,0.3
43,2006-05-0060627,0.02,91.4,,14.6,1000,0.2,V,0
44,2006-05-0060627,0.05,73.5,,32.5,1000,0.2,V,0
45,2006-05-0060627,0.18,38.6,,36.3,1000,9,V,0
46,2006-05-0060627,1.13,13.8,,48.5,1000,9,V,0.1
47,2006-05-0060627,6.32,-0.4,,50.9,1000,9,V,0.1
48,2006-05-0060627,28.22,-2.7,,43.1,1000,9,V,0.3
49,2006-05-0060629,0.03,83.3,,22.7,1000,0.2,V,0
50,2006-05-0060629,0.05,61.9,,44.1,1000,0.2,V,0
51,2006-05-0060629,0.56,19.6,,47.4,1000,9,V,0
52,2006-05-0060629,6.24,0.8,,49.9,1000,9,V,0.1
53,2006-05-0060629,14.28,0,,45.1,1000,9,V,0.2
54,2006-05-0060629,25.34,-2.8,,43.9,1000,9,V,0.2
55,2008-05-0028989,0.02,79.9,,26.1,1000,0.2,V,0
56,2008-05-0028989,0.05,62.4,,43.6,1000,0.2,V,0
57,2008-05-0028989,0.07,43.7,,62.3,1000,0.2,V,0
58,2008-05-0028989,0.19,32,,42.5,1000,9,V,0
59,2008-05-0028989,0.35,16.2,,54.1,1000,9,V,0
60,2008-05-0028989,14.17,3.5,,41.6,1000,9,V,0.2
61,2008-05-0028996,0.02,80.1,,25.9,1000,0.2,V,0
62,2008-05-0028996,0.05,62.6,,43.4,1000,0.2,V,0
63,2008-05-0028996,0.07,44.6,,61.3,1000,0.2,V,0
64,2008-05-0028996,0.09,30.5,,64.1,1000,0.2,V,0
65,2008-05-0028996,0.14,25.8,,52.7,1000,0.2,V,0
66,2008-05-0028996,0.31,17.9,,53.2,1000,9,V,0
67,2008-05-0028998,0.02,78.9,,27.1,1000,0.2,V,0
68,2008-05-0028998,0.05,58.6,,47.4,1000,0.2,V,0
69,2008-05-0028998,0.07,33.8,,72.2,1000,0.2,V,0
70,2008-05-0028998,0.09,27.8,,68,1000,0.2,V,0
71,2008-05-0028998,0.14,6.6,,73.3,1000,0.2,V,0
72,2008-05-0028998,0.16,30,,45.6,1000,9,V,0
73,2008-05-0046715,0.03,76.5,,29.5,1000,0.2,V,0
74,2008-05-0046715,0.06,62.2,,43.8,1000,0.2,V,0
75,2008-05-0046715,0.09,38.1,,56.1,1000,0.2,V,0
76,2008-05-0046715,0.16,38.5,,37.1,1000,9,V,0
77,2008-05-0046715,0.32,24.1,,46.9,1000,9,V,0
78,2008-05-0046715,0.53,16.3,,51.1,1000,9,V,0
79,2008-05-0047036,0.03,88.8,,17.2,1000,0.2,V,0
80,2008-05-0047036,0.05,68.9,,37.1,1000,0.2,V,0
81,2008-05-0047036,0.16,40.9,,34.5,1000,9,V,0
82,2008-05-0047036,0.97,25.8,,37.5,1000,9,V,0.1
83,2008-05-0047036,13.98,0.7,,44.5,1000,9,V,0.2
84,2008-05-0047036,28.99,-2.1,,42.4,1000,9,V,0.3
85,2009-05-0032068,0.19,,,,,,,
86,2009-05-0032068,4.92,,,,,,,
87,2009-05-0032068,0.05,,,,,,,
88,2009-05-0032068,13.56,,,,,,,
89,2009-05-0032068,0.04,,,,,,,
90,2009-05-0032068,13.56,,,,,,,
91,2009-05-0032214,0.04,,,,,,,
92,2009-05-0032214,16.17,,,,,,,
93,2009-05-0032214,0.04,,,,,,,
94,2009-05-0032214,13.56,,,,,,,
95,2009-05-0032214,0.04,,,,,,,
96,2009-05-0032214,4.18,,,,,,,
97,2009-05-0032354,0.14,,,,,,,
98,2009-05-0032354,13.92,,,,,,,
99,2009-05-0032354,0.14,,,,,,,
100,2009-05-0032354,0.41,,,,,,,
101,2009-05-0032354,0.14,,,,,,,
102,2009-05-0032354,0.41,,,,,,,
103,2009-05-0032388,0.03,91.8,,14.2,1000,0.2,V,0
104,2009-05-0032388,0.06,68.3,,37.7,1000,0.2,V,0
105,2009-05-0032388,0.09,65.7,,30,1000,0.2,V,0
106,2009-05-0032388,0.21,53.8,,19.8,1000,9,V,0
107,2009-05-0032388,0.24,49.2,,23.5,1000,9,V,0
108,2009-05-0032388,0.58,37.3,,29.6,1000,9,V,0
109,2009-05-0032391,0.03,75.8,,30.2,1000,0.2,V,0
110,2009-05-0032391,0.06,52.1,,53.9,1000,0.2,V,0
111,2009-05-0032391,0.18,38.5,,36.4,1000,9,V,0
112,2009-05-0032391,0.24,29.2,,43.7,1000,9,V,0
113,2009-05-0032391,0.62,21.3,,45,1000,9,V,0
114,2009-05-0032391,1.54,11.1,,49.1,1000,9,V,0.1
115,2009-05-0032497,1,,,,,,,
116,2009-05-0032497,8.4,,,,,,,
117,2009-05-0032497,0.19,,,,,,,
118,2009-05-0032497,9.18,,,,,,,
119,2009-05-0032497,0.04,,,,,,,
120,2009-05-0032497,9.52,,,,,,,
121,2009-05-0032682,0.04,,,,,,,
122,2009-05-0032682,13.56,,,,,,,
123,2009-05-0032682,0.04,,,,,,,
124,2009-05-0032682,13.56,,,,,,,
125,2009-05-0032682,0.04,,,,,,,
126,2009-05-0032682,8.05,,,,,,,
127,2009-05-0041608,0.22,,,,,,,
128,2009-05-0041608,4.97,,,,,,,
129,2009-05-0041608,0.04,,,,,,,
130,2009-05-0041608,13.56,,,,,,,
131,2009-05-0041608,0.05,,,,,,,
132,2009-05-0041608,13.56,,,,,,,
133,2009-05-0041615,0.06,,,,,,,
134,2009-05-0041615,0.18,,,,,,,
135,2009-05-0041615,0.18,,,,,,,
136,2009-05-0041615,5.73,,,,,,,
137,2009-05-0041615,0.04,,,,,,,
138,2009-05-0041615,5.75,,,,,,,
139,2009-05-0041774,0.11,,,,,,,
140,2009-05-0041774,0.22,,,,,,,
141,2009-05-0041774,0.03,,,,,,,
142,2009-05-0041774,12.16,,,,,,,
143,2009-05-0041774,0.12,,,,,,,
144,2009-05-0041774,12.11,,,,,,,
145,2009-05-0041803,1.63,,,,,,,
146,2009-05-0041803,23.75,,,,,,,
147,2009-05-0041803,0.04,,,,,,,
148,2009-05-0041803,13.56,,,,,,,
149,2009-05-0041803,0.04,,,,,,,
150,2009-05-0041803,8.08,,,,,,,
151,2010-05-0047433,0.25,,,,,,,
152,2010-05-0047433,12.43,,,,,,,
153,2010-05-0047433,0.07,,,,,,,
154,2010-05-0047433,13.56,,,,,,,
155,2010-05-0047433,0.07,,,,,,,
156,2010-05-0047433,0.19,,,,,,,
157,2010-05-0055611,0.04,,,,,,,
158,2010-05-0055611,13.56,,,,,,,
159,2010-05-0055611,0.04,,,,,,,
160,2010-05-0055611,13.56,,,,,,,
161,2010-05-0055611,0.04,,,,,,,
162,2010-05-0055611,10.9,,,,,,,
163,2010-05-0055613,0.45,,,,,,,
164,2010-05-0055613,8.11,,,,,,,
165,2010-05-0055613,0.04,,,,,,,
166,2010-05-0055613,13.56,,,,,,,
167,2010-05-0055613,0.04,,,,,,,
168,2010-05-0055613,13.56,,,,,,,
169,2010-05-0055659,0.04,,,,,,,
170,2010-05-0055659,13.56,,,,,,,
171,2010-05-0055659,0.04,,,,,,,
172,2010-05-0055659,13.56,,,,,,,
173,2010-05-0055659,0.04,,,,,,,
174,2010-05-0055659,13.56,,,,,,,
175,2010-05-0055661,0.16,,,,,,,
176,2010-05-0055661,10.41,,,,,,,
177,2010-05-0055661,0.04,,,,,,,
178,2010-05-0055661,13.56,,,,,,,
179,2010-05-0055661,0.04,,,,,,,
180,2010-05-0055661,13.56,,,,,,,
181,2010-05-0055723,0.18,,,,,,,
182,2010-05-0055723,13.56,,,,,,,
183,2010-05-0055723,0.04,,,,,,,
184,2010-05-0055723,9.31,,,,,,,
185,2010-05-0055723,0.04,,,,,,,
186,2010-05-0055723,13.56,,,,,,,
187,2010-05-0055958,0.24,,,,,,,
188,2010-05-0055958,9.24,,,,,,,
189,2010-05-0055958,0.09,,,,,,,
190,2010-05-0055958,13.56,,,,,,,
191,2010-05-0055958,0.09,,,,,,,
192,2010-05-0055958,0.17,,,,,,,
193,2010-05-0056058,0.04,,,,,,,
194,2010-05-0056058,13.56,,,,,,,
195,2010-05-0056058,0.04,,,,,,,
196,2010-05-0056058,13.56,,,,,,,
197,2010-05-0056058,0.04,,,,,,,
198,2010-05-0056058,13.56,,,,,,,
199,2010-05-0056105,0.04,,,,,,,
200,2010-05-0056105,13.56,,,,,,,
201,2010-05-0056105,0.04,,,,,,,
202,2010-05-0056105,13.56,,,,,,,
203,2010-05-0056105,0.04,,,,,,,
204,2010-05-0056105,13.56,,,,,,,
205,2010-05-0056150,0.03,74.1,,31.9,1000,0.2,V,0
206,2010-05-0056150,0.05,54.5,,51.5,1000,0.2,V,0
207,2010-05-0056150,0.16,28.5,,47.1,1000,9,V,0
208,2010-05-0056150,0.32,18.3,,52.6,1000,9,V,0
209,2010-05-0056150,14.05,5,,40.2,1000,9,V,0.2
210,2010-05-0056150,29.84,-1.2,,41.2,1000,9,V,0.3
211,2010-05-0056152,0.03,83.4,,22.6,1000,0.2,V,0
212,2010-05-0056152,0.05,66.6,,39.4,1000,0.2,V,0
213,2010-05-0056152,0.1,41.8,,49.6,1000,0.2,V,0
214,2010-05-0056152,0.18,31,,43.7,1000,9,V,0
215,2010-05-0056152,0.39,16.5,,53,1000,9,V,0
216,2010-05-0056152,0.79,5,,59.8,1000,9,V,0
217,2010-05-0056205,0.02,95.3,,10.7,1000,0.2,V,0
218,2010-05-0056205,0.04,80.8,,25.2,1000,0.2,V,0
219,2010-05-0056205,0.09,58.8,,37.9,1000,0.2,V,0
220,2010-05-0056205,0.15,50.6,,25.2,1000,9,V,0
221,2010-05-0056205,0.16,50.3,,25.5,1000,9,V,0
222,2010-05-0056205,0.38,32.8,,36.9,1000,9,V,0
223,2011-05-0051487,1.82,,,,,,,
224,2011-05-0051487,8.93,,,,,,,
225,2011-05-0051487,0.04,,,,,,,
226,2011-05-0051487,13.56,,,,,,,
227,2011-05-0051487,0.04,,,,,,,
228,2011-05-0051487,0.1,,,,,,,
229,2011-05-0051563,0.08,,,,,,,
230,2011-05-0051563,11.34,,,,,,,
231,2011-05-0051563,0.08,,,,,,,
232,2011-05-0051563,3.08,,,,,,,
233,2011-05-0051563,0.08,,,,,,,
234,2011-05-0051563,0.15,,,,,,,
235,2011-05-0051609,0.02,94.1,,11.9,1000,0.2,V,0
236,2011-05-0051609,0.05,78.8,,27.2,1000,0.2,V,0
237,2011-05-0051609,0.1,56.8,,36.5,1000,0.2,V,0
238,2011-05-0051609,0.17,47.9,,27.3,1000,9,V,0
239,2011-05-0051609,0.53,26.6,,40.8,1000,9,V,0
240,2011-05-0051609,0.92,24.9,,38.8,1000,9,V,0
241,2011-05-0051613,0.18,,,,,,,
242,2011-05-0051613,20,,,,,,,
243,2011-05-0051613,0.07,,,,,,,
244,2011-05-0051613,13.56,,,,,,,
245,2011-05-0051613,0.07,,,,,,,
246,2011-05-0051613,0.17,,,,,,,
247,2011-05-0051700,0.04,,,,,,,
248,2011-05-0051700,13.56,,,,,,,
249,2011-05-0051700,0.04,,,,,,,
250,2011-05-0051700,13.56,,,,,,,
251,2011-05-0051700,0.04,,,,,,,
252,2011-05-0051700,13.56,,,,,,,
253,2011-05-0059292,0.02,86.8,,19.2,1000,0.2,V,0
254,2011-05-0059292,0.05,71.1,,34.9,1000,0.2,V,0
255,2011-05-0059292,0.1,43.5,,49.5,1000,0.2,V,0
256,2011-05-0059292,0.17,36.8,,38.5,1000,9,V,0
257,2011-05-0059292,0.34,16.6,,53.8,1000,9,V,0
258,2011-05-0059292,0.75,4.8,,60.3,1000,9,V,0
259,2011-05-0059295,0.03,88.3,,17.7,1000,0.2,V,0
260,2011-05-0059295,0.05,69.6,,36.4,1000,0.2,V,0
261,2011-05-0059295,0.08,49.9,,52.8,1000,0.2,V,0
262,2011-05-0059295,0.15,28,,48,1000,0.2,V,0
263,2011-05-0059295,0.22,40.6,,32.8,1000,9,V,0
264,2011-05-0059295,0.62,22.7,,43.7,1000,9,V,0
265,2011-05-0059298,0.02,92.5,,13.5,1000,0.2,V,0
266,2011-05-0059298,0.04,78.1,,27.9,1000,0.2,V,0
267,2011-05-0059298,0.07,50.5,,55.5,1000,0.2,V,0
268,2011-05-0059298,0.18,42.5,,32.3,1000,9,V,0
269,2011-05-0059298,0.22,39.2,,34.2,1000,9,V,0
270,2011-05-0059298,0.26,33.9,,38.2,1000,9,V,0
271,2011-05-0059300,0.03,96.4,,9.6,1000,0.2,V,0
272,2011-05-0059300,0.09,68.7,,26.6,1000,0.2,V,0
273,2011-05-0059300,0.22,57.4,,16.2,1000,9,V,0
274,2011-05-0059300,0.28,53.5,,18.4,1000,9,V,0
275,2011-05-0059300,0.52,36.7,,30.8,1000,9,V,0
276,2011-05-0059300,0.92,24.9,,38.8,1000,9,V,0
277,2011-05-0059319,0.03,87,,19,1000,0.2,V,0
278,2011-05-0059319,0.06,68.3,,37.7,1000,0.2,V,0
279,2011-05-0059319,0.08,46.2,,52.3,1000,0.2,V,0
280,2011-05-0059319,0.16,44.5,,30.9,1000,9,V,0
281,2011-05-0059319,0.34,24.1,,46.4,1000,9,V,0
282,2011-05-0059319,1.01,10.9,,52.1,1000,9,V,0.1
283,2011-05-0059322,0.02,81.7,,24.3,1000,0.2,V,0
284,2011-05-0059322,0.05,56.7,,49.3,1000,0.2,V,0
285,2011-05-0059322,0.15,27.7,,48.3,1000,0.2,V,0
286,2011-05-0059322,0.23,29.2,,44,1000,9,V,0
287,2011-05-0059322,0.66,13.9,,52.1,1000,9,V,0
288,2011-05-0059322,0.98,4.1,,59.1,1000,9,V,0.1
289,2011-05-0059325,0.02,90.4,,15.6,1000,0.2,V,0
290,2011-05-0059325,0.05,76.8,,29.2,1000,0.2,V,0
291,2011-05-0059325,0.16,46.7,,28.7,1000,9,V,0
292,2011-05-0059325,14.65,-1,,45.8,1000,9,V,0.2
293,2011-05-0059325,14.66,0.1,,44.7,1000,9,V,0.2
294,2011-05-0059325,29.82,-1.5,,41.5,1000,9,V,0.3
295,2011-05-0059340,0.19,,,,,,,
296,2011-05-0059340,15.84,,,,,,,
297,2011-05-0059340,0.04,,,,,,,
298,2011-05-0059340,13.56,,,,,,,
299,2011-05-0059340,0.04,,,,,,,
300,2011-05-0059340,0.1,,,,,,,
301,2011-05-0059355,0.03,92.3,,13.7,1000,0.2,V,0
302,2011-05-0059355,0.05,78,,28,1000,0.2,V,0
303,2011-05-0059355,0.08,55.8,,45.9,1000,0.2,V,0
304,2011-05-0059355,0.15,49.5,,26.3,1000,9,V,0
305,2011-05-0059355,0.55,13.9,,53.3,1000,9,V,0
306,2011-05-0059355,1.1,19.5,,42.9,1000,9,V,0.1
307,2011-05-0059380,0.86,,,,,,,
308,2011-05-0059380,8.68,,,,,,,
309,2011-05-0059380,0.15,,,,,,,
310,2011-05-0059380,5.76,,,,,,,
311,2011-05-0059380,0.04,,,,,,,
312,2011-05-0059380,0.15,,,,,,,
313,2011-05-0059460,0.02,86.7,,19.3,1000,0.2,V,0
314,2011-05-0059460,0.07,52.3,,51.1,1000,0.2,V,0
315,2011-05-0059460,0.15,41.2,,34.8,1000,0.2,V,0
316,2011-05-0059460,0.27,24,,47.9,1000,9,V,0
317,2011-05-0059460,0.57,8.7,,58.2,1000,9,V,0
318,2011-05-0059460,0.87,9.6,,54.5,1000,9,V,0
319,2011-05-0059483,0.58,,,,,,,
320,2011-05-0059483,10.73,,,,,,,
321,2011-05-0059483,0.05,,,,,,,
322,2011-05-0059483,13.56,,,,,,,
323,2011-05-0059483,0.04,,,,,,,
324,2011-05-0059483,0.15,,,,,,,
325,2012-05-0039123,0.16,,,,,,,
326,2012-05-0039123,10.6,,,,,,,
327,2012-05-0039123,0.06,,,,,,,
328,2012-05-0039123,13.56,,,,,,,
329,2012-05-0039123,0.06,,,,,,,
330,2012-05-0039123,0.16,,,,,,,
331,2012-05-0039129,0.05,,,,,,,
332,2012-05-0039129,13.56,,,,,,,
333,2012-05-0039129,0.05,,,,,,,
334,2012-05-0039129,13.56,,,,,,,
335,2012-05-0039129,0.05,,,,,,,
336,2012-05-0039129,0.09,,,,,,,
337,2012-05-0039148,0.17,,,,,,,
338,2012-05-0039148,10.58,,,,,,,
339,2012-05-0039148,0.07,,,,,,,
340,2012-05-0039148,13.56,,,,,,,
341,2012-05-0039148,0.04,,,,,,,
342,2012-05-0039148,4.16,,,,,,,
343,2012-05-0039253,0.24,,,,,,,
344,2012-05-0039253,10.19,,,,,,,
345,2012-05-0039253,0.04,,,,,,,
346,2012-05-0039253,3.09,,,,,,,
347,2012-05-0039253,0.04,,,,,,,
348,2012-05-0039253,9.83,,,,,,,
349,2012-05-0039255,1.8,,,,,,,
350,2012-05-0039255,8.19,,,,,,,
351,2012-05-0039255,0.04,,,,,,,
352,2012-05-0039255,13.56,,,,,,,
353,2012-05-0039255,0.04,,,,,,,
354,2012-05-0039255,13.56,,,,,,,
355,2012-05-0039262,0.07,,,,,,,
356,2012-05-0039262,15.95,,,,,,,
357,2012-05-0039262,0.04,,,,,,,
358,2012-05-0039262,13.56,,,,,,,
359,2012-05-0039262,0.04,,,,,,,
360,2012-05-0039262,9.79,,,,,,,
361,2012-05-0039442,0.42,,,,,,,
362,2012-05-0039442,3.71,,,,,,,
363,2012-05-0039442,1.37,,,,,,,
364,2012-05-0039442,13.56,,,,,,,
365,2012-05-0039442,0.1,,,,,,,
366,2012-05-0039442,1.4,,,,,,,
367,2012-05-0053028,0.03,78.9,,27.1,1000,0.2,V,0
368,2012-05-0053028,0.06,62.4,,43.6,1000,0.2,V,0
369,2012-05-0053028,0.09,40.5,,56.4,1000,0.2,V,0
370,2012-05-0053028,0.18,42.3,,32.6,1000,9,V,0
371,2012-05-0053028,0.18,42.3,,32.6,1000,9,V,0
372,2012-05-0053028,0.26,29.2,,43,1000,9,V,0
373,2012-05-0053033,0.02,80.6,106,25.4,1000,0.2,V,0
374,2012-05-0053033,0.07,49.1,106,56.9,1000,0.2,V,0
375,2012-05-0053033,0.11,36.1,87.2,51.1,1000,0.2,V,0
376,2012-05-0053033,0.2,39.2,73.9,34.7,1000,9,V,0
377,2012-05-0053033,0.25,36.9,72.6,35.6,1000,9,V,0
378,2012-05-0053033,0.25,36.5,72.5,36.1,1000,9,V,0
379,2012-05-0053036,0.02,88.7,,17.3,1000,0.2,V,0
380,2012-05-0053036,0.05,73.8,,32.2,1000,0.2,V,0
381,2012-05-0053036,0.08,49.2,,53.9,1000,0.2,V,0
382,2012-05-0053036,0.18,36.3,,38.5,1000,9,V,0
383,2012-05-0053036,0.2,36.7,,37.3,1000,9,V,0
384,2012-05-0053036,0.25,30.3,,42.1,1000,9,V,0
385,2012-05-0053057,0.03,79.7,,26.3,1000,0.2,V,0
386,2012-05-0053057,0.08,46.7,,54.1,1000,0.2,V,0
387,2012-05-0053057,0.13,37,,43.7,1000,0.2,V,0
388,2012-05-0053057,0.19,43.1,,31.4,1000,9,V,0
389,2012-05-0053057,0.29,33.6,,37.9,1000,9,V,0
390,2012-05-0053057,0.5,23.9,,43.9,1000,9,V,0
391,2012-05-0053253,0.05,,,,,,,
392,2012-05-0053253,28.29,,,,,,,
393,2012-05-0053253,0.05,,,,,,,
394,2012-05-0053253,28.44,,,,,,,
395,2012-05-0053253,0.05,,,,,,,
396,2012-05-0053253,0.15,,,,,,,
397,2012-05-0053254,0.21,,,,,,,
398,2012-05-0053254,7.46,,,,,,,
399,2012-05-0053254,0.05,,,,,,,
400,2012-05-0053254,3.41,,,,,,,
401,2012-05-0053254,0.05,,,,,,,
402,2012-05-0053254,0.15,,,,,,,
403,2012-05-0061269,0.16,,,,,,,
404,2012-05-0061269,13.09,,,,,,,
405,2012-05-0061269,0.04,,,,,,,
406,2012-05-0061269,13.56,,,,,,,
407,2012-05-0061269,0.04,,,,,,,
408,2012-05-0061269,13.56,,,,,,,
409,2101-05-0056676,0.03,91.8,,14.2,1000,0.2,V,0
410,2101-05-0056676,0.05,74,,32,1000,0.2,V,0
411,2101-05-0056676,0.08,56.5,,45.2,1000,0.2,V,0
412,2101-05-0056676,0.15,25.7,,50.3,1000,0.2,V,0
413,2101-05-0056676,0.33,31.7,,39,1000,9,V,0
414,2101-05-0056676,0.8,29.4,,35.3,1000,9,V,0
415,2101-05-0056763,0.5,,,,,,,
416,2101-05-0056763,9.31,,,,,,,
417,2101-05-0056763,0.04,,,,,,,
418,2101-05-0056763,13.56,,,,,,,
419,2101-05-0056763,0.07,,,,,,,
420,2101-05-0056763,0.22,,,,,,,
421,2101-05-0056765,1.46,,,,,,,
422,2101-05-0056765,10.25,,,,,,,
423,2101-05-0056765,0.04,,,,,,,
424,2101-05-0056765,13.56,,,,,,,
425,2101-05-0056765,0.07,,,,,,,
426,2101-05-0056765,0.21,,,,,,,
427,2101-05-0056817,0.03,,,,,,,
428,2101-05-0056817,13.56,,,,,,,
429,2101-05-0056817,0.03,,,,,,,
430,2101-05-0056817,13.56,,,,,,,
431,2101-05-0056817,0.03,,,,,,,
432,2101-05-0056817,0.05,,,,,,,
433,2101-05-0056918,0.07,,,,,,,
434,2101-05-0056918,0.21,,,,,,,
435,2101-05-0056918,0.04,,,,,,,
436,2101-05-0056918,0.19,,,,,,,
437,2101-05-0056918,0.07,,,,,,,
438,2101-05-0056918,0.2,,,,,,,
439,2101-05-0056919,0.07,,,,,,,
440,2101-05-0056919,0.16,,,,,,,
441,2101-05-0056919,0.04,,,,,,,
442,2101-05-0056919,0.18,,,,,,,
443,2101-05-0056919,0.07,,,,,,,
444,2101-05-0056919,0.19,,,,,,,
445,2101-05-0056920,0.06,,,,,,,
446,2101-05-0056920,18.86,,,,,,,
447,2101-05-0056920,0.04,,,,,,,
448,2101-05-0056920,13.25,,,,,,,
449,2101-05-0056920,0.06,,,,,,,
450,2101-05-0056920,19.85,,,,,,,
451,2101-05-0056921,0.87,,,,,,,
452,2101-05-0056921,4.76,,,,,,,
453,2101-05-0056921,0.15,,,,,,,
454,2101-05-0056921,13.56,,,,,,,
455,2101-05-0056921,0.05,,,,,,,
456,2101-05-0056921,0.23,,,,,,,
457,2101-05-0056982,0.0222,-21.3,,,1000,0.2,,0
458,2101-05-0056982,0.0428,6.2,,,1000,0.2,,0.1
459,2101-05-0056982,0.0714,15,,,1000,0.2,,0.1
460,2101-05-0056987,0.15,,,,,,,
461,2101-05-0056987,8.73,,,,,,,
462,2101-05-0056987,0.09,,,,,,,
463,2101-05-0056987,13.56,,,,,,,
464,2101-05-0056987,0.09,,,,,,,
465,2101-05-0056987,0.26,,,,,,,
466,2101-05-0057012,0.03,84.7,,21.3,1000,0.2,V,0
467,2101-05-0057012,0.06,71.7,,34.3,1000,0.2,V,0
468,2101-05-0057012,0.12,48.5,,34.7,1000,0.2,V,0
469,2101-05-0057012,0.19,39.9,,34.6,1000,9,V,0
470,2101-05-0057012,0.44,22.4,,46.3,1000,9,V,0
471,2101-05-0057012,0.81,6.3,,58.2,1000,9,V,0
472,2101-05-0057039,0.0425,8.8,,,1000,0.2,,0.1
473,2101-05-0057039,0.0727,21.6,,,1000,0.2,,0.1
474,2101-05-0057039,0.15,16.9,,,1000,9,,0.1
475,2101-05-0057040,0.0713,14.4,,,1000,0.2,,0.1
476,2101-05-0057040,0.0796,21.1,,,1000,0.2,,0.1
477,2101-05-0057040,0.155,20.2,,,1000,9,,0.1
478,2101-05-0057041,0.0357,16.7,,,1000,0.2,,0.1
479,2101-05-0057041,0.0786,20.6,,,1000,0.2,,0.1
480,2101-05-0057041,0.155,21.9,,,1000,9,,0.1
481,2101-05-0057042,0.0208,17.5,,,1000,0.2,,0
482,2101-05-0057042,0.0278,19.5,,,1000,0.2,,0
483,2101-05-0057042,0.0296,18.3,,,1000,0.2,,0
484,2101-05-0057043,0.0289,17.4,,,1000,0.2,,0
485,2101-05-0057043,0.0312,16.6,,,1000,0.2,,0.1
486,2101-05-0057043,0.0357,19.5,,,1000,0.2,,0.1
487,2101-05-0057061,0.03,84.5,,21.5,1000,0.2,V,0
488,2101-05-0057061,0.06,71.5,,34.5,1000,0.2,V,0
489,2101-05-0057061,0.09,43.3,,51,1000,0.2,V,0
490,2101-05-0057061,0.19,39.4,,35.1,1000,9,V,0
491,2101-05-0057061,0.25,33.2,,39.3,1000,9,V,0
492,2101-05-0057061,0.38,24,,45.7,1000,9,V,0
493,2101-05-0057062,0.03,85,,21,1000,0.2,V,0
494,2101-05-0057062,0.06,72.3,,33.7,1000,0.2,V,0
495,2101-05-0057062,0.09,46.1,,48.8,1000,0.2,V,0
496,2101-05-0057062,0.18,40.4,,34.3,1000,9,V,0
497,2101-05-0057062,0.25,36.7,,36,1000,9,V,0
498,2101-05-0057062,0.43,21.8,,47,1000,9,V,0
499,2101-05-0057116,0.07,,,,,,,
500,2101-05-0057116,0.21,,,,,,,
501,2101-05-0057116,0.21,,,,,,,
502,2101-05-0057116,13.56,,,,,,,
503,2101-05-0057116,0.04,,,,,,,
504,2101-05-0057116,0.28,,,,,,,
505,2102-05-0049622,0.03,84.6,,21.4,1000,0.2,V,0
506,2102-05-0049622,0.06,68.6,,37.4,1000,0.2,V,0
507,2102-05-0049622,0.12,44.5,,38.9,1000,0.2,V,0
508,2102-05-0049622,0.19,40,,34.5,1000,9,V,0
509,2102-05-0049622,0.43,16.1,,52.7,1000,9,V,0
510,2102-05-0049622,0.68,6.7,,59,1000,9,V,0
511,2102-05-0049640,0.0357,12.8,,,1000,0.2,,0.1
512,2102-05-0049640,0.0488,-21.3,,,1000,0.2,,0.1
513,2102-05-0049640,0.0974,-27.8,,,1000,0.2,,0.1
514,2102-05-0049642,0.0357,11.1,,,1000,0.2,,0.1
515,2102-05-0049642,0.1073,4.1,,,1000,0.2,,0.1
516,2102-05-0049642,0.1156,9.8,,,1000,0.2,,0.1
517,2102-05-0049678,0.0357,6.1,,,1000,0.2,,0.1
518,2102-05-0049678,0.185,-7.9,,,1000,9,,0.1
519,2102-05-0049678,16.35,-10.1,,,1000,9,,0.5
520,2102-05-0049680,0.0357,6.4,,,1000,0.2,,0.1
521,2102-05-0049680,0.245,-9.8,,,1000,9,,0.1
522,2102-05-0049680,27.775,-9.8,,,1000,9,,0.6
523,2102-05-0049683,0.0357,9.1,,,1000,0.2,,0.1
524,2102-05-0049683,0.0791,16.7,,,1000,0.2,,0.1
525,2102-05-0049683,0.245,11,,,1000,9,,0.1
526,2102-05-0049685,0.0357,9.2,,,1000,0.2,,0.1
527,2102-05-0049685,0.0786,13.6,,,1000,0.2,,0.1
528,2102-05-0049685,0.215,10.2,,,1000,9,,0.1
529,2102-05-0049787,0.02,-1.7,69,70.7,1000,0.2,H,-34.4
530,2102-05-0049787,0.15,-20.3,39.8,60.1,1000,0.2,H,-40.2
531,2102-05-0049787,2.77,-27.1,7,34.2,1000,9,H,-40.1
532,2102-05-0049787,3.92,-29.9,3.2,33.1,1000,9,H,-40.3
533,2102-05-0049787,26.58,-26.4,3,29.4,1000,9,H,-43.1
534,2102-05-0049787,27.08,-27.4,3,30.4,1000,9,H,-43.2
535,2102-05-0049914,0.0357,9.9,,,1000,0.2,,0.1
536,2102-05-0049914,0.15,-5,,,1000,9,,0.1
537,2102-05-0049914,0.24,-8.4,,,1000,9,,0.1
538,2102-05-0049922,0.0357,3.6,,,1000,0.2,,0.1
539,2102-05-0049922,0.0443,1.9,,,1000,0.2,,0.1
540,2102-05-0049922,0.21,-4.5,,,1000,9,,0.1
541,2102-05-0049971,0.0357,12.2,,,1000,0.2,,0.1
542,2102-05-0049971,0.185,-7.9,,,1000,9,,0.1
543,2102-05-0049971,26.715,-10,,,1000,9,,0.6
544,2102-05-0050004,0.0357,7,,,1000,0.2,,0.1
545,2102-05-0050004,0.155,-8,,,1000,9,,0.1
546,2102-05-0050004,0.515,-11.8,,,1000,9,,0.1
547,2102-05-0050006,0.0357,6.9,,,1000,0.2,,0.1
548,2102-05-0050006,0.19,-9.4,,,1000,9,,0.1
549,2102-05-0050006,24.38,-9.9,,,1000,9,,0.6
550,2102-05-0050079,0.0357,1,,,1000,0.2,,0.1
551,2102-05-0050079,0.505,-3.6,,,1000,9,,0.1
552,2102-05-0050079,0.605,2.5,,,1000,9,,0.1
553,2102-05-0050081,0.0357,1.2,,,1000,0.2,,0.1
554,2102-05-0050081,0.16,-6.9,,,1000,9,,0.1
555,2102-05-0050081,0.665,-2.6,,,1000,9,,0.1
556,2102-05-0060305,0.0356,2.4,,,1000,0.2,,0.1
557,2102-05-0060305,0.15,4.1,,,1000,9,,0.1
558,2102-05-0060305,0.235,-2.1,,,1000,9,,0.1
559,2102-05-0060331,0.0357,11.2,,,1000,0.2,,0.1
560,2102-05-0060331,0.16,-6.6,,,1000,9,,0.1
561,2102-05-0060331,0.375,-10.8,,,1000,9,,0.1
562,2103-05-0062269,0.03,65.8,,40.2,1000,0.2,V,0
563,2103-05-0062269,0.07,58.1,,47.9,1000,0.2,V,0
564,2103-05-0062269,0.11,42.8,,47.2,1000,0.2,V,0
565,2103-05-0062269,0.16,40.2,,35.4,1000,9,V,0
566,2103-05-0062269,0.4,28.1,,41.2,1000,9,V,0
567,2103-05-0062269,1.07,1.8,,60.9,1000,9,V,0.1
568,2103-05-0062298,0.0831,29,,,1000,0.2,,0.1
569,2103-05-0062298,0.1083,26,,,1000,0.2,,0.1
570,2103-05-0062298,0.325,26.9,,,1000,9,,0.1
571,2103-05-0062299,0.0727,31.7,,,1000,0.2,,0.1
572,2103-05-0062299,0.0949,30.7,,,1000,0.2,,0.1
573,2103-05-0062299,0.155,35.7,,,1000,9,,0.1
574,2103-05-0062300,0.058,16.3,,,1000,0.2,,0.1
575,2103-05-0062300,0.1167,9.1,,,1000,0.2,,0.1
576,2103-05-0062300,0.175,15.4,,,1000,9,,0.1
577,2103-05-0062301,0.0662,26.4,,,1000,0.2,,0.1
578,2103-05-0062301,0.0816,25.8,,,1000,0.2,,0.1
579,2103-05-0062301,0.15,36.7,,,1000,9,,0.1
580,2103-05-0063760,0.0938,14.5,,,1000,0.2,,0.1
581,2103-05-0063760,0.19,16.7,,,1000,9,,0.1
582,2103-05-0063760,10.935,-3.3,,,1000,9,,0.3
583,2103-05-0063798,0.0357,4.7,,,1000,0.2,,0.1
584,2103-05-0063798,0.0678,-29.1,,,1000,0.2,,0.1
585,2103-05-0063798,0.265,-2.2,,,1000,9,,0.1
586,2103-05-0063800,0.0619,9.1,,,1000,0.2,,0.1
587,2103-05-0063800,0.165,8.1,,,1000,9,,0.1
588,2103-05-0063800,2.72,-9,,,1000,9,,0.2
589,2103-05-0063924,0.02,94.1,,11.9,1000,0.2,V,0
590,2103-05-0063924,0.04,77.3,,28.7,1000,0.2,V,0
591,2103-05-0063924,0.07,50.7,,55.3,1000,0.2,V,0
592,2103-05-0063924,0.09,52.4,,44.8,1000,0.2,V,0
593,2103-05-0063924,0.11,39.1,,49.3,1000,0.2,V,0
594,2103-05-0063924,0.13,39.6,,41.5,1000,0.2,V,0
595,2103-05-0064016,0.0392,-2.2,,,1000,0.2,,0.1
596,2103-05-0064016,0.0407,-4.1,,,1000,0.2,,0.1
597,2103-05-0064016,0.0779,-6.9,,,1000,0.2,,0.1
598,2103-05-0064170,0.0357,9.7,,,1000,0.2,,0.1
599,2103-05-0064170,0.175,-9.6,,,1000,9,,0.1
600,2103-05-0064170,0.62,-5.2,,,1000,9,,0.1
601,2103-05-0064172,0.0356,8.9,,,1000,0.2,,0.1
602,2103-05-0064172,0.495,-6.8,,,1000,9,,0.1
603,2103-05-0064172,0.63,-4.5,,,1000,9,,0.1
604,2103-05-0064239,0.0357,7.4,,,1000,0.2,,0.1
605,2103-05-0064239,0.0548,-23.4,,,1000,0.2,,0.1
606,2103-05-0064239,0.165,-2.2,,,1000,9,,0.1
607,2103-05-0064308,0.0284,6.2,,,1000,0.2,,0
608,2103-05-0064308,0.1134,26.3,,,1000,0.2,,0.1
609,2103-05-0064308,0.225,13.5,,,1000,9,,0.1
610,2104-05-0064670,0.0215,18.1,,,1000,0.2,,0
611,2104-05-0064670,0.043,16.7,,,1000,0.2,,0.1
612,2104-05-0064670,0.0645,12.7,,,1000,0.2,,0.1
613,2104-05-0064770,0.0357,12.4,,,1000,0.2,,0.1
614,2104-05-0064770,0.165,-6.4,,,1000,9,,0.1
615,2104-05-0064770,0.26,-6.9,,,1000,9,,0.1
616,2104-05-0064909,0.0357,7.6,,,1000,0.2,,0.1
617,2104-05-0064909,0.165,-9,,,1000,9,,0.1
618,2104-05-0064909,1.67,-12,,,1000,9,,0.1
619,2104-05-0065098,0.0357,6.7,,,1000,0.2,,0.1
620,2104-05-0065098,8.3,-10.2,,,1000,9,,0.3
621,2104-05-0065098,19.4,-10.7,,,1000,9,,0.5
622,2105-05-0062394,0.03,78.2,,27.8,1000,0.2,V,0
623,2105-05-0062394,0.06,70.5,,16.4,1000,0.2,V,0
624,2105-05-0062394,0.09,50.8,,47.3,1000,0.2,V,0
625,2105-05-0062394,0.24,32.4,,40.4,1000,9,V,0
626,2105-05-0062394,6.5,3.3,,47.1,1000,9,V,0.1
627,2105-05-0062394,14.13,11.5,,33.7,1000,9,V,0.2
628,2105-05-0062403,0.049,16.7,,,1000,0.2,,0.1
629,2105-05-0062403,0.0983,7,,,1000,0.2,,0.1
630,2105-05-0062403,0.15,5.9,,,1000,9,,0.1
631,2105-05-0062404,0.0471,15.4,,,1000,0.2,,0.1
632,2105-05-0062404,0.0942,7.4,,,1000,0.2,,0.1
633,2105-05-0062404,0.19,2.4,,,1000,9,,0.1
634,2105-05-0062427,0.0357,3.2,,,1000,0.2,,0.1
635,2105-05-0062427,0.23,-8.8,,,1000,9,,0.1
636,2105-05-0062427,8.82,-10.1,,,1000,9,,0.3
637,2105-05-0062547,0.0357,1.3,,,1000,0.2,,0.1
638,2105-05-0062547,0.0455,-2.4,,,1000,0.2,,0.1
639,2105-05-0062547,0.165,-1.2,,,1000,9,,0.1
640,2105-05-0062549,0.0357,1.9,,,1000,0.2,,0.1
641,2105-05-0062549,0.195,-9.1,,,1000,9,,0.1
642,2105-05-0062549,28.68,-9.9,,,1000,9,,0.6
643,2105-05-0062551,0.0357,2.2,,,1000,0.2,,0.1
644,2105-05-0062551,0.0532,-7.4,,,1000,0.2,,0.1
645,2105-05-0062551,0.365,-6.8,,,1000,9,,0.1
646,2105-05-0062553,0.0102,-0.4,,,1000,0.2,,0
647,2105-05-0062553,0.0433,-5,,,1000,0.2,,0.1
648,2105-05-0062553,0.245,8.5,,,1000,9,,0.1
649,2105-05-0062606,0.03,81.7,,24.3,1000,0.2,V,0
650,2105-05-0062606,0.06,66.4,,39.6,1000,0.2,V,0
651,2105-05-0062606,0.11,38.5,,49.5,1000,0.2,V,0
652,2105-05-0062606,0.33,15.2,,55.3,1000,9,V,0
653,2105-05-0062606,1.08,1.3,,61.3,1000,9,V,0.1
654,2105-05-0062606,14.3,4.6,,40.4,1000,9,V,0.2
655,2105-05-0062632,0.03,68.7,106,37.3,5000,0.2,V,0
656,2105-05-0062632,0.06,61.8,106,44.2,5000,0.2,V,0
657,2105-05-0062632,0.09,43.9,95.7,51.9,5000,0.2,V,0
658,2105-05-0062632,0.28,30.1,71.7,41.6,5000,9,V,0
659,2105-05-0062632,0.37,16.4,69.8,53.5,5000,9,V,0
660,2105-05-0062632,1.5,-3.5,60.4,63.8,5000,9,V,0.1
661,2105-05-0062681,0.0228,12.4,,,1000,0.2,,0
662,2105-05-0062681,0.0356,15.6,,,1000,0.2,,0.1
663,2105-05-0062681,0.0567,-3.9,,,1000,0.2,,0.1
664,2105-05-0062688,0.03,87.1,106,18.9,1000,0.2,V,0
665,2105-05-0062688,0.05,68.3,106,37.7,1000,0.2,V,0
666,2105-05-0062688,0.1,42.7,91.6,48.9,1000,0.2,V,0
667,2105-05-0062688,0.33,40.5,70.7,30.2,1000,9,V,0
668,2105-05-0062688,1.08,28,62.6,34.6,1000,9,V,0.1
669,2105-05-0062688,1.72,12.4,59.4,47,1000,9,V,0.1
670,2105-05-0062758,0.03,69.3,106,36.7,1000,0.2,V,0
671,2105-05-0062758,0.06,52,106,54,1000,0.2,V,0
672,2105-05-0062758,0.09,32.3,95.2,62.9,1000,0.2,V,0
673,2105-05-0062758,0.12,25.9,84,58.1,1000,0.2,V,0
674,2105-05-0062758,0.18,36.5,74.6,38.1,1000,9,V,0
675,2105-05-0062758,0.24,23.4,72.7,49.3,1000,9,V,0
676,2105-05-0062775,0.0357,3,,,1000,0.2,,0.1
677,2105-05-0062775,0.205,-3.2,,,1000,9,,0.1
678,2105-05-0062775,0.265,-7.4,,,1000,9,,0.1
679,2105-05-0062813,0.03,86.8,,19.2,1000,0.2,V,0
680,2105-05-0062813,0.05,63,,43,1000,0.2,V,0
681,2105-05-0062813,0.15,51,,24.8,1000,9,V,0
682,2105-05-0062813,6.15,2.7,,48.1,1000,9,V,0.1
683,2105-05-0062813,14.45,8.5,,36.4,1000,9,V,0.2
684,2105-05-0062813,16.79,5.5,,38.4,1000,9,V,0.2
685,2105-05-0062860,0.0357,1.6,,,1000,0.2,,0.1
686,2105-05-0062860,0.205,-3.8,,,1000,9,,0.1
687,2105-05-0062860,0.335,-3.1,,,1000,9,,0.1
688,2105-05-0063471,0.0356,3.7,,,1000,0.2,,0.1
689,2105-05-0063471,0.0592,8.3,,,1000,0.2,,0.1
690,2105-05-0063471,0.0596,9.8,,,1000,0.2,,0.1
691,2105-05-0063473,0.0356,3.2,,,1000,0.2,,0.1
692,2105-05-0063473,0.185,-6,,,1000,9,,0.1
693,2105-05-0063473,0.365,-5.3,,,1000,9,,0.1
694,2105-05-0063475,0.0297,-3.6,,,1000,0.2,,0
695,2105-05-0063475,0.0312,-1.2,,,1000,0.2,,0.1
696,2105-05-0063475,0.0356,3.7,,,1000,0.2,,0.1
697,2105-05-0063477,0.0356,3.3,,,1000,0.2,,0.1
698,2105-05-0063477,0.165,-4.2,,,1000,9,,0.1
699,2105-05-0063477,0.31,-10.3,,,1000,9,,0.1
700,2106-05-0062977,0.0948,31.8,,,1000,0.2,,0.1
701,2106-05-0062977,0.19,20.7,,,1000,9,,0.1
702,2106-05-0062977,0.235,21,,,1000,9,,0.1
703,2106-05-0063002,0.0356,15.2,,,1000,0.2,,0.1
704,2106-05-0063002,0.185,-7.6,,,1000,9,,0.1
705,2106-05-0063002,0.365,-8.2,,,1000,9,,0.1
706,2106-05-0063137,0.0439,24.2,,,1000,0.2,,0.1
707,2106-05-0063137,0.0455,16.4,,,1000,0.2,,0.1
708,2106-05-0063137,0.0456,15.3,,,1000,0.2,,0.1
709,2106-05-0063139,0.0715,9.7,,,1000,0.2,,0.1
710,2106-05-0063139,0.0753,19.1,,,1000,0.2,,0.1
711,2106-05-0063139,0.15,19,,,1000,9,,0.1
712,2106-05-0063495,0.0356,10.8,,,1000,0.2,,0.1
713,2106-05-0063495,0.0552,-0.9,,,1000,0.2,,0.1
714,2106-05-0063495,0.2,-1.1,,,1000,9,,0.1
715,2106-05-0063501,0.155,20,,,1000,9,,0.1
716,2106-05-0063501,0.225,9.5,,,1000,9,,0.1
717,2106-05-0063501,0.24,8.7,,,1000,9,,0.1
718,2106-05-0063503,0.0357,2.4,,,1000,0.2,,0.1
719,2106-05-0063503,0.0802,-8.7,,,1000,0.2,,0.1
720,2106-05-0063503,2.58,-10.8,,,1000,9,,0.2
721,2106-05-0063520,0.009,-5,,,1000,0.2,,0
722,2106-05-0063520,0.0357,-1.1,,,1000,0.2,,0.1
723,2106-05-0063520,0.185,-4.3,,,1000,9,,0.1
724,2106-05-0063634,0.0356,3.9,,,1000,0.2,,0.1
725,2106-05-0063634,0.165,-3.7,,,1000,9,,0.1
726,2106-05-0063634,0.345,-6.5,,,1000,9,,0.1
727,2107-05-0065386,0.0094,0.4,,,1000,0.2,,0
728,2107-05-0065386,0.0438,-4.3,,,1000,0.2,,0.1
729,2107-05-0065386,0.185,0,,,1000,9,,0.1
730,2107-05-0065405,0.0356,3.1,,,1000,0.2,,0.1
731,2107-05-0065405,0.185,-6.9,,,1000,9,,0.1
732,2107-05-0065405,0.365,-5.7,,,1000,9,,0.1
733,2107-05-0065407,0.0356,2.5,,,1000,0.2,,0.1
734,2107-05-0065407,0.16,-6.9,,,1000,9,,0.1
735,2107-05-0065407,0.355,-6.7,,,1000,9,,0.1
736,2107-05-0065441,0.01,-7.8,,,1000,0.2,,0
737,2107-05-0065441,0.0356,12.1,,,1000,0.2,,0.1
738,2107-05-0065441,0.16,-1.9,,,1000,9,,0.1
739,2107-05-0065443,0.0094,-1.8,,,1000,0.2,,0
740,2107-05-0065443,0.0356,12,,,1000,0.2,,0.1
741,2107-05-0065443,0.155,9.1,,,1000,9,,0.1
742,2107-05-0068721,0.0634,6,,,1000,0.2,,0.1
743,2107-05-0068721,0.0662,3.4,,,1000,0.2,,0.1
744,2107-05-0068721,0.285,5.3,,,1000,9,,0.1
745,2107-05-0068723,0.0624,11.5,,,1000,0.2,,0.1
746,2107-05-0068723,0.0648,6.4,,,1000,0.2,,0.1
747,2107-05-0068723,0.0661,9.4,,,1000,0.2,,0.1
748,2107-05-0068725,0.0546,14.3,,,1000,0.2,,0.1
749,2107-05-0068725,0.0548,12.1,,,1000,0.2,,0.1
750,2107-05-0068725,0.0567,10.9,,,1000,0.2,,0.1
751,2107-05-0068727,0.0441,19,,,1000,0.2,,0.1
752,2107-05-0068727,0.0458,16.8,,,1000,0.2,,0.1
753,2107-05-0068727,0.0481,13.7,,,1000,0.2,,0.1
754,2107-05-0068847,0.0356,3.9,,,1000,0.2,,0.1
755,2107-05-0068847,0.18,24.5,,,1000,9,,0.1
756,2107-05-0068847,0.36,8.6,,,1000,9,,0.1
757,2107-05-0068849,0.0684,25.7,,,1000,0.2,,0.1
758,2107-05-0068849,0.0701,20.4,,,1000,0.2,,0.1
759,2107-05-0068849,0.15,22.9,,,1000,9,,0.1
760,2107-05-0068851,0.155,27.2,,,1000,9,,0.1
761,2107-05-0068851,0.23,21.3,,,1000,9,,0.1
762,2107-05-0068851,0.235,21,,,1000,9,,0.1
763,2107-05-0068882,0.0328,19.4,,,1000,0.2,,0.1
764,2107-05-0068882,0.0602,8.7,,,1000,0.2,,0.1
765,2107-05-0068882,0.0656,9.4,,,1000,0.2,,0.1
766,2107-05-0068923,0.0364,9.1,,,1000,0.2,,0.1
767,2107-05-0068923,0.0729,11.1,,,1000,0.2,,0.1
768,2107-05-0068923,0.1091,1.7,,,1000,0.2,,0.1
769,2107-05-0068925,0.009,-4.1,,,1000,0.2,,0
770,2107-05-0068925,0.0103,-8.5,,,1000,0.2,,0
771,2107-05-0068925,0.0356,6.3,,,1000,0.2,,0.1
772,2107-05-0068943,0.0713,14.8,,,1000,0.2,,0.1
773,2107-05-0068943,0.0722,17,,,1000,0.2,,0.1
774,2107-05-0068943,0.15,16.2,,,1000,9,,0.1
775,2107-05-0068952,0.0788,0.5,,,1000,0.2,,0.1
776,2107-05-0068952,0.165,9.2,,,1000,9,,0.1
777,2107-05-0068952,0.25,5.1,,,1000,9,,0.1
778,2107-05-0068953,0.165,6.7,,,1000,9,,0.1
779,2107-05-0068953,0.245,6.7,,,1000,9,,0.1
780,2107-05-0068953,0.325,3.5,,,1000,9,,0.1
781,2107-05-0068954,0.0583,20.6,,,1000,0.2,,0.1
782,2107-05-0068954,0.0594,16.6,,,1000,0.2,,0.1
783,2107-05-0068954,0.175,21.3,,,1000,9,,0.1
784,2107-05-0068977,0.0095,-0.2,,,1000,0.2,,0
785,2107-05-0068977,0.0356,6.1,,,1000,0.2,,0.1
786,2107-05-0068977,10.75,-0.6,,,1000,9,,0.4
787,2107-05-0068980,0.0593,20.5,,,1000,0.2,,0.1
788,2107-05-0068980,0.0602,18,,,1000,0.2,,0.1
789,2107-05-0068980,0.0607,8.5,,,1000,0.2,,0.1
790,2107-05-0069145,0.0091,-5.5,,,1000,0.2,,0
791,2107-05-0069145,0.0356,1.5,,,1000,0.2,,0.1
792,2107-05-0069145,0.165,-5.7,,,1000,9,,0.1
793,2107-05-0069147,0.0095,-4.5,,,1000,0.2,,0
794,2107-05-0069147,0.0356,1.8,,,1000,0.2,,0.1
795,2107-05-0069147,0.165,-6.7,,,1000,9,,0.1
796,2107-05-0069161,0.04,63.9,106,42.1,5000,0.2,V,0
797,2107-05-0069161,0.09,45.4,98.2,52.8,5000,0.2,V,0
798,2107-05-0069161,0.13,21.4,82.3,60.8,5000,0.2,V,0
799,2107-05-0069161,0.17,31.5,75.2,43.7,5000,9,V,0
800,2107-05-0069161,0.3,9.9,71.4,61.4,5000,9,V,0
801,2107-05-0069161,0.47,1.9,68.3,66.4,5000,9,V,0
802,2107-05-0069161,1.29,-5.6,61.4,67,5000,9,V,0.1
803,2107-05-0069180,0.0356,3.2,,,1000,0.2,,0.1
804,2107-05-0069180,0.22,12,,,1000,9,,0.1
805,2107-05-0069180,0.445,3.8,,,1000,9,,0.1
806,2107-05-0069181,0.0356,3.7,,,1000,0.2,,0.1
807,2107-05-0069181,0.415,5.8,,,1000,9,,0.1
808,2107-05-0069181,0.55,0.2,,,1000,9,,0.1
809,2107-05-0069203,0.0096,-5.1,,,1000,0.2,,0
810,2107-05-0069203,0.0356,2,,,1000,0.2,,0.1
811,2107-05-0069203,0.165,-5.8,,,1000,9,,0.1
812,2107-05-0069248,0.0356,3,,,1000,0.2,,0.1
813,2107-05-0069248,0.155,-6.7,,,1000,9,,0.1
814,2107-05-0069248,29.915,-9.6,,,1000,9,,0.6
815,2107-05-0069268,0.0154,8.5,,,1000,0.2,,0
816,2107-05-0069268,0.0161,8.3,,,1000,0.2,,0
817,2107-05-0069268,0.0315,12,,,1000,0.2,,0.1
818,2107-05-0069289,0.0097,-8.1,,,1000,0.2,,0
819,2107-05-0069289,0.0356,3.2,,,1000,0.2,,0.1
820,2107-05-0069289,0.155,6.8,,,1000,9,,0.1
821,2107-05-0069291,0.0091,-3.4,,,1000,0.2,,0
822,2107-05-0069291,0.0106,-12.3,,,1000,0.2,,0
823,2107-05-0069291,0.0356,3.3,,,1000,0.2,,0.1
824,2107-05-0069293,0.0099,-3.5,,,1000,0.2,,0
825,2107-05-0069293,0.0356,3.4,,,1000,0.2,,0.1
826,2107-05-0069293,0.19,-0.7,,,1000,9,,0.1
827,2107-05-0069295,0.0356,3.1,,,1000,0.2,,0.1
828,2107-05-0069295,0.22,-0.6,,,1000,9,,0.1
829,2107-05-0069295,22.79,-10.4,,,1000,9,,0.5
830,2107-05-0069297,0.0356,3,,,1000,0.2,,0.1
831,2107-05-0069297,0.195,4.7,,,1000,9,,0.1
832,2107-05-0069297,3.92,-11,,,1000,9,,0.3
833,2107-05-0069349,0.0356,3,,,1000,0.2,,0.1
834,2107-05-0069349,0.175,4.8,,,1000,9,,0.1
835,2107-05-0069349,0.35,-9.7,,,1000,9,,0.1
836,2107-05-0069351,0.0356,4,,,1000,0.2,,0.1
837,2107-05-0069351,0.165,1.8,,,1000,9,,0.1
838,2107-05-0069351,0.245,-10.3,,,1000,9,,0.1
839,2107-05-0069381,0.1198,14.8,,,1000,0.2,,0.1
840,2107-05-0069381,0.1209,13,,,1000,0.2,,0.1
841,2107-05-0069381,0.15,14.6,,,1000,9,,0.1
842,2107-05-0069417,0.12,12.5,,,1000,0.2,,0.1
843,2107-05-0069417,0.1439,10.7,,,1000,0.2,,0.1
844,2107-05-0069417,0.15,13.9,,,1000,9,,0.1
845,2107-05-0069421,0.0356,17.7,,,1000,0.2,,0.1
846,2107-05-0069421,0.1205,16.2,,,1000,0.2,,0.1
847,2107-05-0069421,0.15,17.1,,,1000,9,,0.1
848,2107-05-0069439,0.0889,29.6,,,1000,0.2,,0.1
849,2107-05-0069439,0.0903,30.2,,,1000,0.2,,0.1
850,2107-05-0069439,0.27,21.9,,,1000,9,,0.1
851,2108-05-0067639,0.0356,3.4,,,1000,0.2,,0.1
852,2108-05-0067639,0.17,-9.5,,,1000,9,,0.1
853,2108-05-0067639,0.245,-8.2,,,1000,9,,0.1
854,2108-05-0067646,0.0191,3,,,1000,0.2,,0
855,2108-05-0067646,0.0378,16.4,,,1000,0.2,,0.1
856,2108-05-0067646,0.057,8.4,,,1000,0.2,,0.1
857,2108-05-0067654,0.0356,6.4,,,1000,0.2,,0.1
858,2108-05-0067654,0.245,-10.4,,,1000,9,,0.1
859,2108-05-0067654,24.515,-10.1,,,1000,9,,0.6
860,2108-05-0067725,0.0091,-6.8,,,1000,0.2,,0
861,2108-05-0067725,0.0356,4.7,,,1000,0.2,,0.1
862,2108-05-0067725,0.225,-7.2,,,1000,9,,0.1
863,2108-05-0067741,0.0356,6.8,,,1000,0.2,,0.1
864,2108-05-0067741,0.195,3.3,,,1000,9,,0.1
865,2108-05-0067741,0.28,2.1,,,1000,9,,0.1
866,2108-05-0067814,0.0101,-6.5,,,1000,0.2,,0
867,2108-05-0067814,0.0356,5.9,,,1000,0.2,,0.1
868,2108-05-0067814,0.0515,4.4,,,1000,0.2,,0.1
869,2108-05-0067837,0.0356,4.4,,,1000,0.2,,0.1
870,2108-05-0067837,0.1151,-2.5,,,1000,0.2,,0.1
871,2108-05-0067837,0.15,-6.9,,,1000,9,,0.1
872,2108-05-0067874,0.0809,8.6,,,1000,0.2,,0.1
873,2108-05-0067874,0.0817,8.1,,,1000,0.2,,0.1
874,2108-05-0067874,0.16,8.5,,,1000,9,,0.1
875,2108-05-0067876,0.0356,4.4,,,1000,0.2,,0.1
876,2108-05-0067876,0.0417,-6.1,,,1000,0.2,,0.1
877,2108-05-0067876,0.0844,-4.6,,,1000,0.2,,0.1
878,2108-05-0067895,0.1227,29,,,1000,0.2,,0.1
879,2108-05-0067895,0.245,15.8,,,1000,9,,0.1
880,2108-05-0067895,0.365,16.2,,,1000,9,,0.1
881,2108-05-0067897,0.1217,26.4,,,1000,0.2,,0.1
882,2108-05-0067897,0.1227,28.5,,,1000,0.2,,0.1
883,2108-05-0067897,0.365,16.2,,,1000,9,,0.1
884,2108-05-0067914,0.0356,4.4,,,1000,0.2,,0.1
885,2108-05-0067914,0.0454,4.3,,,1000,0.2,,0.1
886,2108-05-0067914,0.0909,3.1,,,1000,0.2,,0.1
887,2108-05-0067945,0.0356,3.2,,,1000,0.2,,0.1
888,2108-05-0067945,0.165,-7.2,,,1000,9,,0.1
889,2108-05-0067945,0.355,-8.5,,,1000,9,,0.1
890,2108-05-0067947,0.0092,-6.8,,,1000,0.2,,0
891,2108-05-0067947,0.0356,3.3,,,1000,0.2,,0.1
892,2108-05-0067947,0.165,-8.7,,,1000,9,,0.1
893,2108-05-0067949,0.0356,2.6,,,1000,0.2,,0.1
894,2108-05-0067949,0.225,-7.7,,,1000,9,,0.1
895,2108-05-0067949,0.395,-8.7,,,1000,9,,0.1
896,2108-05-0067951,0.0356,3.3,,,1000,0.2,,0.1
897,2108-05-0067951,1.83,-12.1,,,1000,9,,0.2
898,2108-05-0067951,28.35,-10,,,1000,9,,0.6
899,2108-05-0067953,0.009,-10.3,,,1000,0.2,,0
900,2108-05-0067953,0.0092,-8.7,,,1000,0.2,,0
901,2108-05-0067953,0.0356,3.1,,,1000,0.2,,0.1
902,2108-05-0068001,0.0356,6.9,,,1000,0.2,,0.1
903,2108-05-0068001,0.35,-11.4,,,1000,9,,0.1
904,2108-05-0068001,9.81,-10.8,,,1000,9,,0.4
905,2108-05-0068003,0.0356,3.1,,,1000,0.2,,0.1
906,2108-05-0068003,0.22,-7.9,,,1000,9,,0.1
907,2108-05-0068003,23.13,-10.4,,,1000,9,,0.6
908,2108-05-0068004,0.0093,-10.3,,,1000,0.2,,0
909,2108-05-0068004,0.0356,2.9,,,1000,0.2,,0.1
910,2108-05-0068004,0.205,-8.5,,,1000,9,,0.1
911,2108-05-0068006,0.01,-8.4,,,1000,0.2,,0
912,2108-05-0068006,0.0356,2.6,,,1000,0.2,,0.1
913,2108-05-0068006,0.225,-9.9,,,1000,9,,0.1
914,2108-05-0068008,0.0356,3.1,,,1000,0.2,,0.1
915,2108-05-0068008,0.16,-10.1,,,1000,9,,0.1
916,2108-05-0068008,23.135,-10.4,,,1000,9,,0.6
917,2108-05-0068010,0.0356,3.3,,,1000,0.2,,0.1
918,2108-05-0068010,0.155,-10.1,,,1000,9,,0.1
919,2108-05-0068010,8.33,-10.2,,,1000,9,,0.3
920,2108-05-0068035,0.0645,20.7,,,1000,0.2,,0.1
921,2108-05-0068035,0.0652,19.4,,,1000,0.2,,0.1
922,2108-05-0068035,0.0667,15.2,,,1000,0.2,,0.1
923,2108-05-0068055,0.014,-14.2,,,1000,0.2,,0
924,2108-05-0068055,0.0144,-12.6,,,1000,0.2,,0
925,2108-05-0068055,0.69,14.9,,,1000,9,,0.1
926,2108-05-0068145,0.03,89.9,,16.1,5000,0.2,V,0
927,2108-05-0068145,0.06,66.2,,39.8,5000,0.2,V,0
928,2108-05-0068145,0.09,41.8,,54.7,5000,0.2,V,0
929,2108-05-0068145,0.12,45.1,,39.8,5000,0.2,V,0
930,2108-05-0068145,0.21,39.1,,34.7,5000,9,V,0
931,2108-05-0068145,0.33,28.7,,42,5000,9,V,0
932,2108-05-0068145,0.65,32.7,,33.3,5000,9,V,0
933,2109-05-0067011,0.009,-2.5,,,1000,0.2,,0
934,2109-05-0067011,0.0356,3.9,,,1000,0.2,,0.1
935,2109-05-0067011,0.205,-6.5,,,1000,9,,0.1
936,2109-05-0067028,0.0357,11.3,,,1000,0.2,,0.1
937,2109-05-0067028,0.17,11.2,,,1000,9,,0.1
938,2109-05-0067028,0.205,8.2,,,1000,9,,0.1
939,2109-05-0067055,0.0541,20.3,,,1000,0.2,,0.1
940,2109-05-0067055,0.0583,19.6,,,1000,0.2,,0.1
941,2109-05-0067055,0.165,23.7,,,1000,9,,0.1
942,2109-05-0067092,0.0356,5.1,,,1000,0.2,,0.1
943,2109-05-0067092,0.415,5.1,,,1000,9,,0.1
944,2109-05-0067092,0.55,-2,,,1000,9,,0.1
945,2109-05-0067124,1.63,-12.1,,,1000,9,,0.1
946,2109-05-0067124,11.26,-10.5,,,1000,9,,0.3
947,2109-05-0067124,21.665,-10.2,,,1000,9,,0.5
948,2109-05-0067169,0.03,87.1,,18.9,5000,0.2,V,0
949,2109-05-0067169,0.05,67.6,,38.4,5000,0.2,V,0
950,2109-05-0067169,0.08,48.1,,53.3,5000,0.2,V,0
951,2109-05-0067169,0.16,45.6,,30,5000,9,V,0
952,2109-05-0067169,0.71,9.1,,56.3,5000,9,V,0
953,2109-05-0067169,1.62,26.9,,32.9,5000,9,V,0.1
954,2109-05-0067194,0.0093,-6.7,,,1000,0.2,,0
955,2109-05-0067194,0.0356,4.8,,,1000,0.2,,0.1
956,2109-05-0067194,0.205,-6.1,,,1000,9,,0.1
957,2109-05-0067251,0.0356,4,,,1000,0.2,,0.1
958,2109-05-0067251,0.0414,-6.9,,,1000,0.2,,0.1
959,2109-05-0067251,0.155,-8.3,,,1000,9,,0.1
960,2109-05-0067252,0.0356,10.2,,,1000,0.2,,0.1
961,2109-05-0067252,0.0374,2.6,,,1000,0.2,,0.1
962,2109-05-0067252,0.0389,2.6,,,1000,0.2,,0.1
963,2109-05-0067253,0.0356,5.8,,,1000,0.2,,0.1
964,2109-05-0067253,0.0393,9.4,,,1000,0.2,,0.1
965,2109-05-0067253,0.0452,-5,,,1000,0.2,,0.1
966,2109-05-0067254,0.0356,5.6,,,1000,0.2,,0.1
967,2109-05-0067254,0.165,-3.3,,,1000,9,,0.1
968,2109-05-0067254,29.715,-9.8,,,1000,9,,0.6
969,2109-05-0067255,0.0356,5.6,,,1000,0.2,,0.1
970,2109-05-0067255,0.0582,-3.3,,,1000,0.2,,0.1
971,2109-05-0067255,0.165,-4.9,,,1000,9,,0.1
972,2109-05-0067257,0.009,-3.3,,,1000,0.2,,0
973,2109-05-0067257,0.0356,5.6,,,1000,0.2,,0.1
974,2109-05-0067257,0.165,-5.3,,,1000,9,,0.1
975,2109-05-0067259,0.0356,5.6,,,1000,0.2,,0.1
976,2109-05-0067259,0.165,-1.3,,,1000,9,,0.1
977,2109-05-0067259,0.34,-8.3,,,1000,9,,0.1
978,2109-05-0067299,0.0356,5.5,,,1000,0.2,,0.1
979,2109-05-0067299,0.165,-1.3,,,1000,9,,0.1
980,2109-05-0067299,0.35,-8.9,,,1000,9,,0.1
981,2109-05-0067300,0.0356,4.8,,,1000,0.2,,0.1
982,2109-05-0067300,0.165,-5.1,,,1000,9,,0.1
983,2109-05-0067300,29.855,-9.6,,,1000,9,,0.6
984,2109-05-0067301,0.009,-6.4,,,1000,0.2,,0
985,2109-05-0067301,0.0356,4.9,,,1000,0.2,,0.1
986,2109-05-0067301,0.28,-9.6,,,1000,9,,0.1
987,2109-05-0067302,0.0092,7.5,,,1000,0.2,,0
988,2109-05-0067302,0.0474,0.5,,,1000,0.2,,0.1
989,2109-05-0067302,0.0481,1.6,,,1000,0.2,,0.1
990,2109-05-0067313,0.04,72.5,,33.5,5000,0.2,V,0
991,2109-05-0067313,0.07,53.1,,50.8,5000,0.2,V,0
992,2109-05-0067313,0.11,31.8,,56,5000,0.2,V,0
993,2109-05-0067313,0.19,42.9,,31.6,5000,9,V,0
994,2109-05-0067313,0.59,26.4,,40.2,5000,9,V,0
995,2109-05-0067313,0.78,17.3,,47.5,5000,9,V,0
996,2109-05-0067319,0.04,73.1,,32.9,5000,0.2,V,0
997,2109-05-0067319,0.07,35.8,,69,5000,0.2,V,0
998,2109-05-0067319,0.11,31.7,,57.1,5000,0.2,V,0
999,2109-05-0067319,0.33,19.2,,51.5,5000,9,V,0
