하수처리장명,위치(도),측정일(시),유입_생물학적 산소요구량(BOD),유입_총유기탄소(TOC),유입_부유물질(SS),유입_총질소(T-N),유입_총인(T-P),유입_대장균수,방류_생물학적 산소요구량(BOD),방류_총유기탄소(TOC),방류_부유물질(SS),방류_총질소(T-N),방류_총인(T-P),방류_대장균수
하수처리장(A),경기도,2025-04-30 9:00,132.97,77.61,193.28,29,2.43,391878,1.6,11.117,3.255,9.677,0.798,713
하수처리장(A),경기도,2025-04-29 9:00,53.36,101.32,188.76,55.39,3.03,963020,2.7,10.654,2.552,9.227,1.163,459
하수처리장(A),경기도,2025-04-28 9:00,219.63,49.74,130.02,32.89,1.61,459277,2.8,11.565,3.04,9.94,1.161,407
하수처리장(A),경기도,2025-04-27 9:00,609.9,73.02,359.96,25.68,2.05,195877,1.4,9.988,2.894,12.327,1.322,711
하수처리장(A),경기도,2025-04-26 9:00,150.4,100.61,72.53,26.03,1.66,371269,1.2,11.146,1.792,17.177,0.837,431
하수처리장(A),경기도,2025-04-25 9:00,31.05,111.8,131.45,72.7,3.77,443765,1.7,14.311,1.764,9.227,0.145,789
하수처리장(A),경기도,2025-04-24 9:00,158.63,70.32,138.78,19.03,2.26,1214352,1.5,11.668,2.205,19.087,1.192,740
하수처리장(A),경기도,2025-04-23 9:00,164.26,70.55,132.27,55.98,3.38,1234782,1.1,10.389,4.09,14.573,0.232,385
하수처리장(A),경기도,2025-04-22 9:00,397.57,126.3,122.09,46.99,2.14,659205,1.5,9.64,2.157,10.703,1.098,612
하수처리장(A),경기도,2025-04-21 9:00,215.9,174.58,90.43,60,3.46,571916,1.2,12.674,2.901,13.273,0.703,1128
하수처리장(A),경기도,2025-04-20 9:00,206.72,63.87,58.81,54.56,3.2,708118,1.2,13.596,3.207,9.764,0.503,264
하수처리장(A),경기도,2025-04-19 9:00,361.54,60.21,86.34,45.43,1.95,269704,1,11.014,2.1,19.005,1.245,333
하수처리장(A),경기도,2025-04-18 9:00,208.79,161.24,97.66,19.75,3.15,673819,1.3,13.286,3.76,12.327,0.635,369
하수처리장(A),경기도,2025-04-17 9:00,115.89,132.87,126.16,54.16,2.6,249785,0.9,11.324,2.1,15.346,0.984,282
하수처리장(A),경기도,2025-04-16 9:00,74.24,66.3,203.28,29.39,3.06,492629,2,14.29,2.1,10.888,1.538,279
하수처리장(A),경기도,2025-04-15 9:00,39.31,49.43,298.82,41.31,3.28,912415,1.6,13.186,3.653,14.058,0.997,1585
하수처리장(A),경기도,2025-04-14 9:00,206.87,70.43,307.24,49.34,4.19,706423,7.2,12.272,2.285,12.119,0.497,264
하수처리장(A),경기도,2025-04-13 9:00,89.31,60.54,217.48,58.21,2.85,331432,1.2,14.515,2.285,19.087,1.285,188
하수처리장(A),경기도,2025-04-12 9:00,104.49,96.13,143.12,24.95,3.49,704839,1.8,11.336,2.171,9.34,0.948,772
하수처리장(A),경기도,2025-04-11 9:00,181.53,45,159.62,26.5,2.77,760722,1.1,13.788,2.414,10.966,0.16,262
하수처리장(A),경기도,2025-04-10 9:00,219.44,96.78,140.12,30.59,2.48,366317,2.7,10.021,2.949,9.867,0.62,1226
하수처리장(A),경기도,2025-04-09 9:00,153.72,221.6,70.36,57.34,3.81,332019,1.4,10.313,2.2,11.332,1.149,204
하수처리장(A),경기도,2025-04-08 9:00,104.19,59.98,88.09,54.69,2.38,450174,4.1,19.565,2.484,8.343,0.172,772
하수처리장(A),경기도,2025-04-07 9:00,376.47,84.42,125.05,59.95,1.6,902784,2.6,11.6,2,8.767,0.232,238
하수처리장(A),경기도,2025-04-06 9:00,185.71,78.97,108.84,37.05,3.16,1900000,1.1,12.348,2.5,9.713,0.949,870
하수처리장(A),경기도,2025-04-05 9:00,228,76.01,195.17,23.71,2.59,404209,2.7,11.564,2.084,12.097,1.149,381
하수처리장(A),경기도,2025-04-04 9:00,68.19,93.08,62.62,34.25,2.31,412765,1.1,11.816,2.178,8.343,0.519,2148
하수처리장(A),경기도,2025-04-03 9:00,89.19,187.99,52.67,47.51,2.7,510657,3.5,12.623,2.904,6.051,0.339,284
하수처리장(A),경기도,2025-04-02 9:00,306.98,28.31,277.06,62.94,1.75,414647,1,14.014,2.2,19.715,0.554,347
하수처리장(A),경기도,2025-04-01 9:00,74.13,161.2,266.6,59.01,1.99,1080794,1.2,12.621,2.764,14.539,1.085,590
하수처리장(A),경기도,2025-03-31 9:00,50.74,62.69,148.39,14.86,3.69,579428,1.4,11.257,3.142,7.886,0.201,379
하수처리장(A),경기도,2025-03-30 9:00,194.7,153.44,251.27,24.23,3.09,988308,1.6,14.262,4.218,10.999,0.267,199
하수처리장(A),경기도,2025-03-29 9:00,162.23,59.39,78.1,37.97,2.12,512551,1.5,13.367,2.032,5.783,1.027,903
하수처리장(A),경기도,2025-03-28 9:00,86.39,77.46,91.8,44.79,1.84,665864,4.1,11.103,3.422,10.447,1.464,239
하수처리장(A),경기도,2025-03-27 9:00,495.75,135.68,236.42,31.39,4.08,639569,1.9,12.492,2.5,14.543,0.213,854
하수처리장(A),경기도,2025-03-26 9:00,213.45,82.51,133.21,29.6,2.84,263737,2.1,11.518,2,11.484,1.203,545
하수처리장(A),경기도,2025-03-25 9:00,57.23,126.33,148.84,38.65,2.49,341027,0.9,13.369,2.728,9.884,0.145,199
하수처리장(A),경기도,2025-03-24 9:00,74.92,58.75,241.68,17.3,4.19,494903,1.4,11.591,1.729,10.795,0.629,294
하수처리장(A),경기도,2025-03-23 9:00,906,29.84,192.05,33.95,5.76,730898,2,11.46,2.817,13.432,0.49,159
하수처리장(A),경기도,2025-03-22 9:00,210.54,165.99,189.79,26.91,3.72,565567,4.1,10.73,2.1,5.386,1.64,868
하수처리장(A),경기도,2025-03-21 9:00,94.24,52.81,98.99,45.12,3.38,1031126,2.1,11.107,2.1,9.553,1.322,961
하수처리장(A),경기도,2025-03-20 9:00,146.32,55.8,141.01,32.53,1.42,541461,2.6,23.269,2,10.228,1.359,745
하수처리장(A),경기도,2025-03-19 9:00,84.33,80.25,117.15,41.31,3.85,258165,1.2,11.112,2.645,8.679,0.179,380
하수처리장(A),경기도,2025-03-18 9:00,137.95,96.39,86.05,46.61,1.62,1207930,1.6,11.324,2.1,11.323,0.635,213
하수처리장(A),경기도,2025-03-17 9:00,426.01,16.04,134.01,28.9,1.89,933212,2.6,13.379,3.03,9.227,1.64,359
하수처리장(A),경기도,2025-03-16 9:00,119.11,56.19,119.91,24.75,3.94,523906,5.8,10.736,2.599,11.575,0.555,684
하수처리장(A),경기도,2025-03-15 9:00,55.86,88.12,63.08,30.02,2.63,481736,2.6,10.824,2.365,10.78,0.895,149
하수처리장(A),경기도,2025-03-14 9:00,71.59,110.25,75.94,36.21,2.08,395303,1,12.303,2.1,9.724,0.295,1284
하수처리장(A),경기도,2025-03-13 9:00,335.39,116.32,279.47,17.25,5.25,242381,4.1,13.317,2.1,19.005,0.73,472
하수처리장(A),경기도,2025-03-12 9:00,140.16,84.15,467.54,32.56,1.9,535978,4.3,11.104,2.1,9.713,0.177,1671
하수처리장(A),경기도,2025-03-11 9:00,45.62,85.67,250.07,47.6,2.91,496118,2.1,11.611,2.549,9.874,0.16,2148
하수처리장(A),경기도,2025-03-10 9:00,423.5,114.83,162.27,17.73,3.96,486386,1.2,10.902,2,12.066,0.461,1195
하수처리장(A),경기도,2025-03-09 9:00,269.02,40.38,48,20.6,2.1,712247,2.5,10.749,2.1,11.907,1.418,1234
하수처리장(A),경기도,2025-03-08 9:00,110.37,101.44,145.51,24.85,1.07,193887,2.2,14.207,2.81,10.966,0.306,458
하수처리장(A),경기도,2025-03-07 9:00,245.49,117.3,253.14,46.23,1.76,712642,5.9,11.688,2.009,13.036,1.426,375
하수처리장(A),경기도,2025-03-06 9:00,112.57,81.88,418.15,33.35,4.14,315835,4.1,17.689,2.886,8.858,1.027,269
하수처리장(A),경기도,2025-03-05 9:00,124.53,38.03,82.71,19.52,1.99,554266,2.7,13.367,2.1,11.056,0.727,464
하수처리장(A),경기도,2025-03-04 9:00,250.41,51.87,167.63,27.56,2.14,616162,2.1,11.298,2.747,14.573,1.314,566
하수처리장(A),경기도,2025-03-03 9:00,77.41,73.08,342.33,39.5,6.37,348223,1.2,19.33,2.1,11.663,1.203,448
하수처리장(A),경기도,2025-03-02 9:00,146.99,156.33,173.63,16.7,1.49,598414,4.8,11.46,3.725,9.336,0.331,65
하수처리장(A),경기도,2025-03-01 9:00,84.85,119.76,111.38,44.68,3.66,1356005,1.1,10.328,2,9.68,0.172,748
하수처리장(A),경기도,2025-02-28 9:00,120.97,145.76,197.58,36.62,3.23,1259891,1.2,12.863,3.49,7.296,0.117,1177
하수처리장(A),경기도,2025-02-27 9:00,278.65,72.03,157.32,30.74,2.27,661391,1.2,10.765,3.072,6.412,0.169,266
하수처리장(A),경기도,2025-02-26 9:00,161.56,110.5,118.45,40.54,3.52,872163,1.4,16.411,2.606,13.071,0.403,500
하수처리장(A),경기도,2025-02-25 9:00,345.6,81.42,143.89,34.7,2.87,315821,4.8,12.75,2.151,9.033,0.145,238
하수처리장(A),경기도,2025-02-24 9:00,187.56,88.57,153.57,34.26,3.6,494833,1.7,11.215,3.773,5.909,0.518,301
하수처리장(A),경기도,2025-02-23 9:00,207.44,69.51,276.92,23.66,4.98,1011167,2.5,10.243,2.5,9.769,0.581,1085
하수처리장(A),경기도,2025-02-22 9:00,217.93,120.76,302.58,40.34,2.59,709521,1.8,11.327,2,12.933,0.134,556
하수처리장(A),경기도,2025-02-21 9:00,96.31,74.11,341.19,35.65,3.2,643856,2.6,11.552,6.857,4.916,0.436,532
하수처리장(A),경기도,2025-02-20 9:00,123.52,88.58,548.89,40.37,2.99,797985,2.2,11.266,2.732,7.436,0.659,677
하수처리장(A),경기도,2025-02-19 9:00,107.01,153.61,63.19,34.13,2.78,1150647,2.6,10.899,2.601,8.266,0.434,331
하수처리장(A),경기도,2025-02-18 9:00,93.64,37.94,290.36,48.09,2.7,489985,2.6,8.705,2.4,11.31,0.133,424
하수처리장(A),경기도,2025-02-17 9:00,227.07,103.97,100,29.09,2.33,1257135,1,10.251,4.428,4.51,0.373,350
하수처리장(A),경기도,2025-02-16 9:00,113.46,16.44,83.77,40.04,5.55,928413,2.5,16.616,2.4,7.081,0.318,2400
하수처리장(A),경기도,2025-02-15 9:00,42.31,59.47,249.92,24.11,2.43,312497,2.5,10.433,2.559,7.859,0.691,479
하수처리장(A),경기도,2025-02-14 9:00,139.91,61.45,311.48,41.36,1.78,721208,1.4,10.313,2.802,6.22,0.318,875
하수처리장(A),경기도,2025-02-13 9:00,94.86,110.82,237.62,42.53,2.34,440831,3.6,11.469,2.575,7.805,0.205,1102
하수처리장(A),경기도,2025-02-12 9:00,92.87,62.35,204.37,39.46,2.87,902992,2.4,12.438,3.08,12.086,0.352,221
하수처리장(A),경기도,2025-02-11 9:00,57.98,118.22,270.74,22.08,2.51,497685,1.7,10.315,2.952,12.086,0.316,356
하수처리장(A),경기도,2025-02-10 9:00,243.4,106.6,95.08,40.36,2.99,392282,1.7,9.649,2.502,11.212,0.16,651
하수처리장(A),경기도,2025-02-09 9:00,257.96,89.17,231.31,42.67,3.37,231998,1.4,11.716,2.924,8.008,0.235,498
하수처리장(A),경기도,2025-02-08 9:00,154.62,82.62,108.98,32.72,4.08,602342,1.7,12.78,2.931,7.859,0.58,1289
하수처리장(A),경기도,2025-02-07 9:00,46.77,55.83,99.8,32.8,1.52,837366,2.1,12.675,2.503,11.105,0.205,425
하수처리장(A),경기도,2025-02-06 9:00,359.08,103.16,142.9,22.04,2.61,308338,2.1,17.564,2,7.085,0.733,136
하수처리장(A),경기도,2025-02-05 9:00,146.97,49.44,142.49,26.19,3.19,438835,1.8,17.564,2.505,6.497,0.09,970
하수처리장(A),경기도,2025-02-04 9:00,238.62,159.12,100.97,31.75,2.41,669743,2.7,10.073,2.378,11.212,0.157,1961
하수처리장(A),경기도,2025-02-03 9:00,105.82,33.09,257.82,29.94,3.14,593933,3.5,9.758,3.41,7.081,0.056,162
하수처리장(A),경기도,2025-02-02 9:00,301.11,153.71,130.82,48.69,2.19,484079,1.3,10.505,2.865,13.181,0.298,329
하수처리장(A),경기도,2025-02-01 9:00,306.62,157.96,154.55,38.53,2.73,574173,2.4,12.229,2.4,6.139,0.301,466
하수처리장(A),경기도,2025-01-31 9:00,90.59,58.89,55.21,35.35,2.35,1566897,2.4,10.627,2,12.782,1.849,516
하수처리장(A),경기도,2025-01-30 9:00,133.6,77.73,92.4,28.09,2.09,1558446,2.6,10.413,2,12.086,0.577,545
하수처리장(A),경기도,2025-01-29 9:00,158.89,104.89,203.03,56.53,1.4,730977,1.7,17.433,2.763,12.594,0.1,218
하수처리장(A),경기도,2025-01-28 9:00,110.74,127.2,132.93,31.86,2.29,550463,2.5,12.397,3.121,8.49,0.494,442
하수처리장(A),경기도,2025-01-27 9:00,189.01,96.05,170.8,28,2.63,1185671,1.7,10.532,2,11.866,0.968,589
하수처리장(A),경기도,2025-01-26 9:00,158.4,70.75,684.41,36.53,2.59,1086212,2.2,13.136,2.101,11.775,0.163,1613
하수처리장(A),경기도,2025-01-25 9:00,62.43,26.49,167.38,61.44,2.55,817431,1.9,13.924,2,10.942,0.177,663
하수처리장(A),경기도,2025-01-24 9:00,82.95,92.56,233.66,43.54,3.43,1100460,1.8,13.626,2.596,7.326,0.135,167
하수처리장(A),경기도,2025-01-23 9:00,84.84,108.08,69.26,31.78,5.18,708730,1.2,9.429,2.5,12.599,0.199,694
하수처리장(A),경기도,2025-01-22 9:00,133.22,98.54,123,17.93,2.33,685688,3,8.91,2.049,11.212,0.1,909
하수처리장(A),경기도,2025-01-21 9:00,347.08,96.4,228.21,43.14,4.45,299201,4.9,12.015,2.355,7.341,0.182,227
하수처리장(A),경기도,2025-01-20 9:00,411.63,60,110.88,74.65,2.02,405655,2.9,11.112,3.205,19.798,0.436,206
하수처리장(A),경기도,2025-01-19 9:00,77.76,124.26,94.93,42.59,5.2,1076377,2.1,11.362,2.107,14.802,0.134,361
하수처리장(A),경기도,2025-01-18 9:00,144.59,209.61,137.02,37.1,1.44,769701,2.4,10.345,2.466,8.312,0.211,903
하수처리장(A),경기도,2025-01-17 9:00,152.59,119.34,84.7,49.73,1.91,838441,1.7,12.455,3.117,11.56,0.434,544
하수처리장(A),경기도,2025-01-16 9:00,91.62,59.92,83.7,30.83,3.82,298374,1.2,11.388,2.071,10.083,0.455,172
하수처리장(A),경기도,2025-01-15 9:00,81.87,101.19,209.74,22.53,2.67,264899,2.8,12.002,3.738,10.942,0.161,677
하수처리장(A),경기도,2025-01-14 9:00,114.1,97.62,201.88,36.86,3.43,467262,1,11.315,2.5,11.633,0.719,617
하수처리장(A),경기도,2025-01-13 9:00,142.22,70.59,124.07,39.64,2.12,399620,3.6,10.212,3.314,9.883,0.435,1540
하수처리장(A),경기도,2025-01-12 9:00,126.51,77.45,77.73,35.85,2.64,500348,2.6,12.028,2,8.266,0.733,829
하수처리장(A),경기도,2025-01-11 9:00,93.59,154.95,109.94,37.81,3.78,505502,4.9,10.377,3.415,5.914,0.204,303
하수처리장(A),경기도,2025-01-10 9:00,34.71,118.76,110.1,37.72,2.27,1022530,1.1,16.027,4.405,9.417,0.34,451
하수처리장(A),경기도,2025-01-09 9:00,195.99,99.3,384.96,40.51,3.67,569102,2,12.047,2.564,4.626,0.904,325
하수처리장(A),경기도,2025-01-08 9:00,196.2,52.65,84.74,41.37,2.19,478560,2.4,8.89,2.9,13.114,0.233,262
하수처리장(A),경기도,2025-01-07 9:00,344.36,134.25,163.19,17.36,1.96,899545,1.9,12.416,3.146,9.033,0.145,1036
하수처리장(A),경기도,2025-01-06 9:00,223.35,51.26,141.93,60.08,1.6,351487,1.7,10.725,2.448,12.167,0.118,1043
하수처리장(A),경기도,2025-01-05 9:00,235.37,90.59,87.3,23.86,2.38,409967,1.5,11.414,6.857,8.402,0.538,129
하수처리장(A),경기도,2025-01-04 9:00,185.93,78.89,262.81,80.89,2.47,738851,2.6,9.685,2.952,16.179,1.065,925
하수처리장(A),경기도,2025-01-03 9:00,51.08,142.74,208.55,39.06,1.77,279925,2.1,10.912,2,12.167,0.318,1236
하수처리장(A),경기도,2025-01-02 9:00,235.52,102.3,223.31,33.39,1.83,492980,1.3,10.544,2.661,13.181,0.625,567
하수처리장(A),경기도,2025-01-01 9:00,160.41,107.86,178.82,43.68,1.93,1592950,1.4,11.963,2.685,7.103,0.691,470
하수처리장(A),경기도,2024-12-31 9:00,66.92,89.18,357.97,28.4,2.07,608796,4.8,10.35,2.488,11.56,0.213,689
하수처리장(A),경기도,2024-12-30 9:00,256.99,123.26,304.67,48.41,2.21,661455,3,11.379,2.355,9.892,0.218,905
하수처리장(A),경기도,2024-12-29 9:00,203.22,71.48,134.39,27.06,1.87,435613,1.8,13.492,2.501,13.662,0.968,1563
하수처리장(A),경기도,2024-12-28 9:00,189.83,45.84,178.51,39.16,4.81,513310,1.6,9.489,2.936,6.202,0.16,566
하수처리장(A),경기도,2024-12-27 9:00,315.12,137.82,182.69,47.75,2.86,146560,2.5,11.225,2.758,12.858,0.339,621
하수처리장(A),경기도,2024-12-26 9:00,145.72,59.63,125.65,68.35,1.97,709642,3.4,9.408,2.674,9.033,0.381,194
하수처리장(A),경기도,2024-12-25 9:00,94.27,50.21,67.02,32.04,1.73,858718,2,12.385,2,4.087,0.171,742
하수처리장(A),경기도,2024-12-24 9:00,231.51,53.94,202.55,54.23,1.54,646676,1.1,12.28,2.747,6.746,0.251,633
하수처리장(A),경기도,2024-12-23 9:00,412.03,75.11,259.4,28.18,1.5,434742,2.9,12.727,3.108,7.447,0.318,280
하수처리장(A),경기도,2024-12-22 9:00,146.74,36.27,106.27,35.3,3.83,379168,1.4,12.136,5.272,10.629,0.518,310
하수처리장(A),경기도,2024-12-21 9:00,122.15,89.71,301.79,52.33,3.25,434806,1.8,10.558,3.007,6.301,0.134,452
하수처리장(A),경기도,2024-12-20 9:00,190.17,45.45,79.42,52.36,2.3,485217,2.1,12.25,2.558,5.914,0.248,268
하수처리장(A),경기도,2024-12-19 9:00,184.26,195.22,196.69,38.57,3.29,910259,2.1,11.054,3.322,11.736,0.084,1832
하수처리장(A),경기도,2024-12-18 9:00,205.8,44.79,81.32,30.69,2.98,567565,3,9.279,3.236,4.626,0.265,505
하수처리장(A),경기도,2024-12-17 9:00,271.73,43.75,136.39,30.42,1.89,867102,1.5,9.57,2.9,8.326,0.252,273
하수처리장(A),경기도,2024-12-16 9:00,133.73,71.83,211.83,39.63,2.57,317796,2.8,10.341,3.192,8.312,0.389,371
하수처리장(A),경기도,2024-12-15 9:00,121.93,184.01,184.47,47.77,2.2,327222,1.8,12.335,4.405,10.026,0.181,295
하수처리장(A),경기도,2024-12-14 9:00,155.51,123.5,149.18,65.45,2.5,1080065,1,10.739,2,9.892,0.577,275
하수처리장(A),경기도,2024-12-13 9:00,167.53,77.56,457.55,36.81,4.97,173147,1.5,12.385,2.02,6.202,0.162,639
하수처리장(A),경기도,2024-12-12 9:00,77.11,39.38,341.22,32.84,3.05,671654,1.7,10.314,2.942,9.892,0.117,821
하수처리장(A),경기도,2024-12-11 9:00,211.04,88.16,70.45,51.94,3.01,539373,1.4,12.42,2.5,6.251,0.261,633
하수처리장(A),경기도,2024-12-10 9:00,151.72,90.16,241.09,25.28,2.48,389499,1.8,11.513,5.747,7.081,0.167,325
하수처리장(A),경기도,2024-12-09 9:00,333.2,86.17,100.56,49.94,2.37,289867,2.8,12.773,2.495,16.179,0.347,163
하수처리장(A),경기도,2024-12-08 9:00,152.77,96.48,266.43,36.42,4.06,397866,1.4,14.125,2.5,4.51,0.125,661
하수처리장(A),경기도,2024-12-07 9:00,175.5,116.05,150.15,37.66,4.03,507837,2.6,9.912,2.661,7.081,1.046,682
하수처리장(A),경기도,2024-12-06 9:00,408.91,49.97,335.83,28.57,2.22,543978,2.1,10.738,2.168,12.69,0.45,167
하수처리장(A),경기도,2024-12-05 9:00,127.5,120.51,233.68,28.48,3.89,1229790,1.4,10.883,3.71,9.625,0.391,1110
하수처리장(A),경기도,2024-12-04 9:00,137.52,37.57,120.72,33.13,1.79,911674,1.1,10.789,2,10.074,0.455,941
하수처리장(A),경기도,2024-12-03 9:00,123.61,183.8,59.47,35.92,1.93,530372,2.4,11.375,3.176,12.594,0.109,771
하수처리장(A),경기도,2024-12-02 9:00,320.06,134.55,107.37,56.38,2.21,513494,1.5,10.657,2.5,9.674,0.112,391
하수처리장(A),경기도,2024-12-01 9:00,142.95,38.06,224.77,52.4,2.52,626181,3,10.412,2,7.305,0.26,872
하수처리장(A),경기도,2024-11-30 9:00,53.26,44.36,147.31,23.4,3.2,321775,1.9,10.309,2,11.662,0.434,647
하수처리장(A),경기도,2024-11-29 9:00,66.36,92.18,134.82,54.1,4.31,985259,0.8,9.942,3.793,12.185,0.331,661
하수처리장(A),경기도,2024-11-28 9:00,250.93,64.36,339.63,60.97,2.55,137611,0.7,10.906,2,7.732,0.516,1629
하수처리장(A),경기도,2024-11-27 9:00,45.47,27.95,195.38,28.04,1.79,627931,1.4,11.695,2.1,13.592,0.178,812
하수처리장(A),경기도,2024-11-26 9:00,113.89,72.81,120.75,41.35,2.71,487155,1,10.418,2.907,9.833,0.7,902
하수처리장(A),경기도,2024-11-25 9:00,203.8,114.29,167.25,33.71,2.68,366832,0.9,9.488,2.163,12.229,0.536,601
하수처리장(A),경기도,2024-11-24 9:00,382.44,77.89,62.91,37.7,1.79,737210,1.2,10.726,2,15.355,0.201,553
하수처리장(A),경기도,2024-11-23 9:00,204.47,148.65,54.13,25.52,2.63,616725,1,10.851,2,13.784,0.529,513
하수처리장(A),경기도,2024-11-22 9:00,133.65,97.6,260.32,19.84,3.41,225687,1.6,11.298,2,9.075,0.634,1169
하수처리장(A),경기도,2024-11-21 9:00,39.39,96.13,225.55,33.37,2.14,400109,1.4,10.9,2,9.45,0.145,770
하수처리장(A),경기도,2024-11-20 9:00,159.54,88.96,158.91,27.52,3.91,1301376,1.4,11.43,2,14.855,0.739,816
하수처리장(A),경기도,2024-11-19 9:00,139.29,119.05,187.88,27.26,4.1,665588,0.8,10.979,4.127,4.3,0.126,604
하수처리장(A),경기도,2024-11-18 9:00,88.01,75.69,129.95,40.71,2.12,426989,1,9.529,2,16.565,0.282,430
하수처리장(A),경기도,2024-11-17 9:00,86.26,43.73,277.35,67.14,2.49,566054,0.6,11.1,2,11.345,0.197,410
하수처리장(A),경기도,2024-11-16 9:00,222.4,30.23,173.45,42.64,3.43,242925,1.9,11.559,2,9.45,0.169,1019
하수처리장(A),경기도,2024-11-15 9:00,433.94,158,407.5,23.97,1.79,901884,1.5,9.116,2,11.935,0.192,404
하수처리장(A),경기도,2024-11-14 9:00,182.02,89.23,98.87,38.54,2.52,503652,0.9,10.602,2,13.889,0.285,605
하수처리장(A),경기도,2024-11-13 9:00,246.05,173.55,108.94,36.4,1.89,437733,0.9,11.695,2,6.09,0.739,433
하수처리장(A),경기도,2024-11-12 9:00,310.92,142.09,147.83,35.37,2.44,165859,1.1,10.839,2.132,9.45,0.156,1103
하수처리장(A),경기도,2024-11-11 9:00,113.57,82.3,149.62,29.73,3.27,1658832,0.8,12.218,2.059,12.599,0.634,847
하수처리장(A),경기도,2024-11-10 9:00,147.85,35.53,176.41,35.89,2.09,830946,3,9.646,2.005,11.755,0.145,363
하수처리장(A),경기도,2024-11-09 9:00,73.02,57.95,204.39,27.68,3.78,955252,0.9,10.046,2,6.367,0.209,738
하수처리장(A),경기도,2024-11-08 9:00,194.16,41.59,367.48,38.34,3.73,364488,1.4,9.729,2,14.811,0.377,805
하수처리장(A),경기도,2024-11-07 9:00,260.26,118.12,176.36,48.69,3.33,333671,0.9,10.789,2,13.22,0.154,1268
하수처리장(A),경기도,2024-11-06 9:00,272.52,81.43,48,42.93,3.69,1004859,0.9,9.924,2,11.848,0.156,1069
하수처리장(A),경기도,2024-11-05 9:00,80.55,287.14,192.31,45.14,3.02,736128,1.4,10.374,2,13.784,0.293,1487
하수처리장(A),경기도,2024-11-04 9:00,53.17,68.36,48,80.09,2.1,874452,1.2,10.116,2.139,10.513,0.3,928
하수처리장(A),경기도,2024-11-03 9:00,245.79,90.48,95.72,44.84,2.31,544796,1,10.008,2,10.36,0.282,1147
하수처리장(A),경기도,2024-11-02 9:00,218.23,83.47,157.93,27.88,2.34,520504,0.9,10.839,2.051,13.885,1.034,893
하수처리장(A),경기도,2024-11-01 9:00,112.91,113,118.43,35.02,2.43,452523,1.3,11.477,2,11.348,0.603,385
하수처리장(A),경기도,2024-10-31 9:00,428.71,43.54,94.89,23.25,1.94,309606,0.9,11.562,2,12.949,0.158,997
하수처리장(A),경기도,2024-10-30 9:00,200.93,120.85,142.62,39.35,2.93,463553,1.1,10.523,2,10.513,0.438,344
하수처리장(A),경기도,2024-10-29 9:00,334.03,130.56,145.35,31.5,1.47,400709,0.6,9.447,2,12.485,0.223,937
하수처리장(A),경기도,2024-10-28 9:00,133.92,61.15,437.65,15.3,3.32,398687,1.3,10.311,2,7.732,0.373,1352
하수처리장(A),경기도,2024-10-27 9:00,144.71,59.75,122.27,22.72,2.01,654675,0.8,10.884,2.082,9.075,0.44,535
하수처리장(A),경기도,2024-10-26 9:00,191.58,112.51,168.23,29.23,4.41,1327038,1.1,11.672,2,10.829,0.39,1000
하수처리장(A),경기도,2024-10-25 9:00,188.2,81.26,103.23,44.56,2.82,238024,1.6,10.566,2.065,14.739,0.72,1830
하수처리장(A),경기도,2024-10-24 9:00,249.78,118.28,166.07,55.52,2.42,1087173,1.1,9.646,2.033,11.205,0.721,584
하수처리장(A),경기도,2024-10-23 9:00,213.07,60.57,198.48,51.32,2.87,411186,0.8,10.694,2,11.348,0.199,1287
하수처리장(A),경기도,2024-10-22 9:00,134.51,44.37,116.68,24.57,2.82,866776,1.1,10.388,2.163,10.958,0.211,510
하수처리장(A),경기도,2024-10-21 9:00,95.89,181.99,100.5,36.11,2.67,729726,1.2,13.038,2,12.474,0.285,734
하수처리장(A),경기도,2024-10-20 9:00,319.23,129.95,88.74,31.5,2.46,962509,2.2,11.147,2,16.152,0.641,463
하수처리장(A),경기도,2024-10-19 9:00,143.08,77.31,114.05,24.31,2.89,502879,0.8,8.699,2,15.355,0.721,671
하수처리장(A),경기도,2024-10-18 9:00,301.79,50.1,63.89,36.99,1.99,1080706,1.3,11.578,2,16.152,0.816,215
하수처리장(A),경기도,2024-10-17 9:00,349.68,30.55,428.77,36.25,1.13,329163,1.3,11.672,2,11.848,0.281,723
하수처리장(A),경기도,2024-10-16 9:00,556.31,79.95,68.74,64.37,1.82,474872,0.6,11.887,2.314,7.732,0.178,1492
하수처리장(A),경기도,2024-10-15 9:00,173.76,49.85,211.31,30.49,1.18,247354,1.6,11.139,2,13.756,0.333,557
하수처리장(A),경기도,2024-10-14 9:00,153.28,134.41,203.63,43.1,2.85,730387,0.6,10.9,2,13.769,0.739,521
하수처리장(A),경기도,2024-10-13 9:00,173.33,90.1,120.26,31.81,2.05,1751389,1.2,11.467,2.265,13.89,0.535,459
하수처리장(A),경기도,2024-10-12 9:00,99.43,163.2,119.03,35.27,2.07,455328,1.2,10.662,2,13.642,0.282,788
하수처리장(A),경기도,2024-10-11 9:00,151.55,105.96,179.92,55.4,0.99,330094,0.8,9.615,2.1,10.325,0.178,1119
하수처리장(A),경기도,2024-10-10 9:00,407.95,118.13,207.98,25.77,3.88,640589,1,9.929,2.196,11.806,0.168,499
하수처리장(A),경기도,2024-10-09 9:00,349.48,132.39,85.96,37.82,2.01,492295,0.9,10.9,2,6.662,0.805,558
하수처리장(A),경기도,2024-10-08 9:00,171.41,74.48,109.27,32.01,4.2,686700,1.3,10.647,2,14.811,0.517,918
하수처리장(A),경기도,2024-10-07 9:00,266.05,84.25,127.18,46.82,3.25,333823,1.2,10.116,2,13.889,0.407,2397
하수처리장(A),경기도,2024-10-06 9:00,171.04,45.24,73.91,42.62,2.88,420372,1.3,9.646,2,12.599,0.127,1690
하수처리장(A),경기도,2024-10-05 9:00,204.14,193.65,131.65,45.49,2.35,535206,2.2,10.009,3.811,6.09,0.258,1024
하수처리장(A),경기도,2024-10-04 9:00,78.87,215.62,88.33,47.02,2.8,512919,0.9,9.924,2,13.642,0.258,744
하수처리장(A),경기도,2024-10-03 9:00,211.27,51.31,189.93,54.76,3.04,170019,0.8,10.9,2,6.641,0.228,730
하수처리장(A),경기도,2024-10-02 9:00,159.28,71.57,153.28,23.3,2.33,877365,0.8,10.765,2,10.702,0.739,721
하수처리장(A),경기도,2024-10-01 9:00,101.09,83.39,157.03,64.78,2.3,1197297,1.4,10.19,2,12.092,0.163,893
하수처리장(A),경기도,2024-09-30 9:00,117.47,67.97,138.18,48.33,2.74,737581,1.1,11.115,2.1,11.755,0.15,1029
하수처리장(A),경기도,2024-09-29 9:00,75.56,82.66,199.22,33.16,4.13,606556,1.2,11.514,2.1,12.021,0.333,674
하수처리장(A),경기도,2024-09-28 9:00,126.76,64.27,251.15,36.06,2.15,885111,0.9,11.653,2,11.755,0.209,434
하수처리장(A),경기도,2024-09-27 9:00,714.76,81.86,556.21,16.87,1.51,235898,0.9,11.21,3.793,12.489,0.97,547
하수처리장(A),경기도,2024-09-26 9:00,118.78,73.32,298.41,41.33,1.6,704397,0.6,11.232,2,9.833,0.281,740
하수처리장(A),경기도,2024-09-25 9:00,124.56,64.18,220.77,49.9,2.73,618813,1.2,13.433,2,6.662,0.513,409
하수처리장(A),경기도,2024-09-24 9:00,182.35,106.99,85.66,32.29,3.33,591622,0.8,10.602,2,12.489,0.888,437
하수처리장(A),경기도,2024-09-23 9:00,36.29,69.92,103.84,38.95,3.18,397621,0.9,11.431,2,12.506,0.444,1224
하수처리장(A),경기도,2024-09-22 9:00,112.95,80.56,179.77,72.9,1.98,528088,1.5,9.28,2.025,11.662,0.133,819
하수처리장(A),경기도,2024-09-21 9:00,64.76,80.94,177.21,37.71,1.59,414028,1,11.1,2,12.485,0.329,1139
하수처리장(A),경기도,2024-09-20 9:00,171.77,65.92,272.66,34.29,4.48,693148,1.5,10.991,2,14.864,0.47,924
하수처리장(A),경기도,2024-09-19 9:00,458.85,48.93,449.61,43.99,3.07,929024,1.6,9.692,2,13.22,0.157,794
하수처리장(A),경기도,2024-09-18 9:00,103.72,40.68,253.52,50.43,2.74,236536,1.4,10.152,2,13.435,0.15,554
하수처리장(A),경기도,2024-09-17 9:00,177.95,48.87,108.64,49.63,3.61,668698,1.5,10.767,2,6.843,0.517,752
하수처리장(A),경기도,2024-09-16 9:00,120.19,91.37,104.92,29.38,2.26,461369,1,11.477,2.048,13.784,0.223,631
하수처리장(A),경기도,2024-09-15 9:00,32.66,78.78,103.87,24.35,2.51,498380,1,9.488,2,10.702,0.639,395
하수처리장(A),경기도,2024-09-14 9:00,115.43,48.07,219.59,30.38,2.25,321970,1.3,10.188,2.206,11.662,0.133,384
하수처리장(A),경기도,2024-09-13 9:00,199.01,56.93,106.33,33.95,2.58,463132,0.9,10.506,2,13.784,0.333,630
하수처리장(A),경기도,2024-09-12 9:00,136.11,60.99,253.2,57.48,1.97,1044531,1.7,11.022,2,11.935,0.327,642
하수처리장(A),경기도,2024-09-11 9:00,256.97,47.1,100.47,49.89,2.39,385069,1.3,11.382,2,13.592,0.598,1525
하수처리장(A),경기도,2024-09-10 9:00,56.34,30.71,121.51,70.81,3.21,301444,1,8.869,2,12.353,0.327,1035
하수처리장(A),경기도,2024-09-09 9:00,123.77,84.86,416.76,55.43,3.19,283089,1.2,11.022,2,13.885,0.377,314
하수처리장(A),경기도,2024-09-08 9:00,111.63,38.8,181.65,35.02,2.83,301207,2.2,9.042,2,12.229,0.72,1191
하수처리장(A),경기도,2024-09-07 9:00,50.07,42.41,399.11,27.06,3.17,570171,1,11.159,2,10.36,0.377,948
하수처리장(A),경기도,2024-09-06 9:00,98.4,34.55,144.74,14.86,4.29,680012,0.7,11.659,2.1,13.885,0.444,1483
하수처리장(A),경기도,2024-09-05 9:00,107.77,217.95,196.3,19.98,3.2,586224,1.6,9.846,2,7.455,0.504,859
하수처리장(A),경기도,2024-09-04 9:00,159.82,140.4,135.42,56.34,2.91,519965,1,11.1,2,11.988,0.329,654
하수처리장(A),경기도,2024-09-03 9:00,159.02,33.81,141.02,50.05,2.82,836428,0.9,11.1,2,10.325,0.145,2324
하수처리장(A),경기도,2024-09-02 9:00,265.41,86.55,125.91,22.74,3.31,1113723,1,10.211,2.132,11.662,0.7,1211
하수처리장(A),경기도,2024-09-01 9:00,145.23,92.47,284.9,16.34,3.32,1207159,1.4,10.803,2.257,4.772,0.393,731
하수처리장(A),경기도,2024-08-31 9:00,436.28,105.47,178.21,32.52,1.55,283617,0.9,10.956,2,13.587,0.413,467
하수처리장(A),경기도,2024-08-30 9:00,275.62,43.36,48,44.42,2.44,418243,2,11.32,2,7.9,0.481,873
하수처리장(A),경기도,2024-08-29 9:00,437.59,85.27,75.71,30.78,1.76,791537,0.8,11.67,2,14.579,1.031,2067
하수처리장(A),경기도,2024-08-28 9:00,119.97,137.26,135.97,38.79,2.12,594083,1.9,10.915,2,19.322,0.403,1781
하수처리장(A),경기도,2024-08-27 9:00,159.28,72.8,97.84,54.55,3.05,1188154,2.4,12.809,2,10.96,0.188,1128
하수처리장(A),경기도,2024-08-26 9:00,38.01,87.41,147.5,26.85,2.44,748919,0.8,13.536,2,10.75,0.522,2013
하수처리장(A),경기도,2024-08-25 9:00,118.01,84.15,210.77,32.11,2.35,233853,1.3,12.96,2.463,9.879,0.623,670
하수처리장(A),경기도,2024-08-24 9:00,200.55,58.11,150.57,27.27,2.03,414858,2.1,11.778,2,11.136,1.14,633
하수처리장(A),경기도,2024-08-23 9:00,184.17,62.8,157.08,36.7,1.31,439724,2.3,12.628,2,12.009,1.129,1846
하수처리장(A),경기도,2024-08-22 9:00,38.6,166.45,218.45,29.9,5.04,1399043,1.2,9.896,2,9.292,0.374,964
하수처리장(A),경기도,2024-08-21 9:00,500.65,68.99,126.23,26.04,2.71,886202,0.8,10.548,2.202,8.215,0.887,861
하수처리장(A),경기도,2024-08-20 9:00,254.46,85.98,148.25,25.93,2.36,642193,2,11.129,2,11.433,0.857,2067
하수처리장(A),경기도,2024-08-19 9:00,63.26,70.92,155.38,23.86,3.34,708377,3.4,12.145,2.752,15.041,0.58,548
하수처리장(A),경기도,2024-08-18 9:00,132.22,162.92,121.36,65.65,2.04,387010,1.2,10.839,2.044,10.468,0.784,814
하수처리장(A),경기도,2024-08-17 9:00,122.94,90.46,194.84,34.87,2.84,924901,1.2,13.305,2.047,13.414,0.559,1308
하수처리장(A),경기도,2024-08-16 9:00,57.18,75.51,114.85,26.2,2.5,1149112,2.8,11.391,2,12.835,1.046,1006
하수처리장(A),경기도,2024-08-15 9:00,138.13,66.94,127.32,48.75,1.66,641802,1.8,10.548,2,14.844,1.336,1148
하수처리장(A),경기도,2024-08-14 9:00,117.51,72.45,79.37,34.01,1.9,1383870,1.5,11.753,2.022,9.85,0.293,811
하수처리장(A),경기도,2024-08-13 9:00,245.44,91.22,109.14,41.87,2.64,408953,0.7,13.624,2,9.568,0.69,674
하수처리장(A),경기도,2024-08-12 9:00,180.24,69.32,270.13,28.43,2.21,925420,1.8,10.35,2,11.018,0.822,1227
하수처리장(A),경기도,2024-08-11 9:00,309.72,75.35,148.04,32.04,3.75,490384,1.1,12.565,2,13.189,0.69,1027
하수처리장(A),경기도,2024-08-10 9:00,167.7,58.88,188.28,70.12,2.91,501415,1.1,11.938,2,9.761,0.535,589
하수처리장(A),경기도,2024-08-09 9:00,126.85,75.37,106.43,72.86,2.05,1689823,0.6,11.737,2,16.195,0.881,997
하수처리장(A),경기도,2024-08-08 9:00,148.01,64.14,206.8,35.27,2.03,605363,2.9,14.256,2,19.322,1.254,476
하수처리장(A),경기도,2024-08-07 9:00,299.88,44.82,260.31,28.46,1.72,1006214,0.6,11.439,2,14.512,1.046,756
하수처리장(A),경기도,2024-08-06 9:00,156.22,52.1,255.98,53.63,3.25,530652,2.2,13.703,2.097,12.009,0.447,342
하수처리장(A),경기도,2024-08-05 9:00,116.78,85.39,810.4,22.35,2.91,749551,2.5,11.258,2,11.44,0.447,614
하수처리장(A),경기도,2024-08-04 9:00,155.87,73.75,291.53,47.22,2.94,532472,0.9,10.178,2,16.495,0.881,633
하수처리장(A),경기도,2024-08-03 9:00,289.45,69.48,50.04,45.18,3.03,874784,1.7,11.823,2,12.734,0.447,937
하수처리장(A),경기도,2024-08-02 9:00,240.75,41.91,94.02,59.21,2.35,826604,0.9,13.138,2,13.809,1.336,773
하수처리장(A),경기도,2024-08-01 9:00,158.55,194.12,133.62,49.27,1.55,1668736,2.9,11.114,2,11.429,0.981,898
하수처리장(A),경기도,2024-07-31 9:00,533.05,143.93,380.91,45.19,1.35,338433,0.9,13.703,2,9.838,0.856,772
하수처리장(A),경기도,2024-07-30 9:00,181.05,81.72,303.42,57.61,3.36,706083,0.6,11.149,2,12.702,0.629,437
하수처리장(A),경기도,2024-07-29 9:00,122.37,35.68,148.84,90.43,2.07,414518,0.7,11.063,2,13.52,0.662,1465
하수처리장(A),경기도,2024-07-28 9:00,107.31,62.06,131.36,35.01,2.07,406512,1.3,11.32,8.807,10.656,1.241,1004
하수처리장(A),경기도,2024-07-27 9:00,86.73,69.91,79.61,52.79,1.73,329169,1.7,12.44,2,14.67,1.626,378
하수처리장(A),경기도,2024-07-26 9:00,376.24,40.62,284.04,15.47,2.18,1199714,1.5,13.191,2,9.85,0.91,895
하수처리장(A),경기도,2024-07-25 9:00,169.25,75.84,153.62,61.94,2.43,945667,0.7,10.484,2,12.316,0.409,937
하수처리장(A),경기도,2024-07-24 9:00,391.84,56.52,103.25,28.16,2.27,734668,2.9,10.702,2,13.341,0.559,525
하수처리장(A),경기도,2024-07-23 9:00,174.17,55.49,149.36,35.11,1.1,663475,3.5,11.737,3.726,11.429,0.617,664
하수처리장(A),경기도,2024-07-22 9:00,129.13,101.32,113.82,38.16,2.96,1077695,3.7,14.277,2,13.414,1.498,824
하수처리장(A),경기도,2024-07-21 9:00,105.04,52.96,70.52,17.43,3.22,508442,0.8,16.177,2,16.495,0.306,770
하수처리장(A),경기도,2024-07-20 9:00,128.06,98.7,283.8,53.31,3.05,747041,1.4,10.435,2,9.292,1.001,832
하수처리장(A),경기도,2024-07-19 9:00,136.09,88.41,77.16,61.09,1.94,702426,0.9,11.448,2.203,16.495,1.254,712
하수처리장(A),경기도,2024-07-18 9:00,178.98,62.72,108.59,43.37,4.02,536356,1.3,9.868,2,8.821,1.428,459
하수처리장(A),경기도,2024-07-17 9:00,236.21,100.48,303.9,33.1,1.78,331234,1.6,9.868,2,14.67,1.129,748
하수처리장(A),경기도,2024-07-16 9:00,274.28,73.26,82.76,52.83,1.91,1064199,0.8,10.805,2,11.018,1.241,2067
하수처리장(A),경기도,2024-07-15 9:00,139.96,74.13,168.98,31.4,3.1,562967,2.1,11.939,2,11.884,1.241,139
하수처리장(A),경기도,2024-07-14 9:00,78.97,45.5,138.74,30.52,2.6,762999,6.7,13.136,2,9.815,1.008,723
하수처리장(A),경기도,2024-07-13 9:00,309.21,69.32,229.58,52.61,3.37,411590,1,10.875,2,13.481,0.662,1061
하수처리장(A),경기도,2024-07-12 9:00,253.56,117.11,174.2449008,35.22,2.81,406143,1.2,11.438,2,14.226,0.617,550
하수처리장(A),경기도,2024-07-11 9:00,180.3,91.87,169.8334131,35.57,2.7,360006,0.8,10.846,2,9.292,0.943,918
하수처리장(A),경기도,2024-07-10 9:00,52.7,60.4,174.3805365,36.09,2.31,403822,2.1,12.081,2,7.315,0.48,501
하수처리장(A),경기도,2024-07-09 9:00,95.57,37.49,168.523223,30.47,3.19,669238,2.4,11.061,2,9.85,0.943,745
하수처리장(A),경기도,2024-07-08 9:00,109.75,45.56,172.7378937,28.6,3.59,1431239,0.6,12.289,2.119,10.468,0.389,1017
하수처리장(A),경기도,2024-07-07 9:00,131.03,37.99,167.9011801,38.57,2.52,910768,1.4,12.358,3.51,11.136,1.001,647
하수처리장(A),경기도,2024-07-06 9:00,161,142.95,171.8056465,43.19,2.31,1038315,1,15.044,2.373,13.809,0.48,811
하수처리장(A),경기도,2024-07-05 9:00,344.54,69.67,172.9911457,27.13,5.76,1303272,0.9,11.67,2,14.226,0.822,1158
하수처리장(A),경기도,2024-07-04 9:00,74.82,75.67,171.7312282,38.13,2.63,619451,1.9,12.08,2,14.42,0.318,994
하수처리장(A),경기도,2024-07-03 9:00,135.31,74.04,169.293951,28.94,5.51,893476,1.2,11.041,2,9.879,0.559,1016
하수처리장(A),경기도,2024-07-02 9:00,105.93,133.14,171.978303,14.86,2.99,741462,1.9,12.139,2,12.463,0.409,1296
하수처리장(A),경기도,2024-07-01 9:00,203.65,40.93,171.4988025,37.68,1.9,434656,1,14.012,2,9.815,0.501,899
하수처리장(A),경기도,2024-06-30 9:00,48.13,216,172.4908891,38.57,2.07,737204,0.7,10.563,2,9.214,0.435,610
하수처리장(A),경기도,2024-06-29 9:00,258.06,66.37,169.480902,52.25,2.37,313212,0.9,12.351,2,14.844,1.498,612
하수처리장(A),경기도,2024-06-28 9:00,108.48,94.89,172.2444532,51.67,2.02,576955,1,8.343,2,11.884,0.88,565
하수처리장(A),경기도,2024-06-27 9:00,138.7,35.23,168.9603356,36.52,3.26,850640,0.8,11.128,2,9.292,0.894,798
하수처리장(A),경기도,2024-06-26 9:00,125.78,48.44,174.3492624,28.71,2.32,1366069,0.9,12.628,2,14.512,0.409,748
하수처리장(A),경기도,2024-06-25 9:00,93.2,92.88,171.1284049,42.89,1.75,812779,1.3,10.252,2,14.047,1.612,921
하수처리장(A),경기도,2024-06-24 9:00,121.77,96.74,169.3192882,37.51,3.25,324325,1,16.091,2,10.468,1.241,976
하수처리장(A),경기도,2024-06-23 9:00,214.36,130.3,172.0538489,15.3,5.48,347769,2,14.009,2.635,12.463,0.892,1134
하수처리장(A),경기도,2024-06-22 9:00,247.27,72.32,171.6648299,28.28,1.59,331487,1.3,12.224,2,10.661,1.001,1270
하수처리장(A),경기도,2024-06-21 9:00,253.76,119.27,169.740417,38.52,2.07,584182,0.8,11.083,2,11.428,0.632,368
하수처리장(A),경기도,2024-06-20 9:00,135.42,42.06,168.0198399,19.7,2.67,1053393,1.4,11.041,2,11.605,0.946,1410
하수처리장(A),경기도,2024-06-19 9:00,122.6,144.35,167.704466,24.95,2.95,1093766,1.8,8.412,2.097,13.809,0.981,526
하수처리장(A),경기도,2024-06-18 9:00,445.46,74.32,173.5811985,47.71,3.35,243067,1.9,13.212,2,15.041,0.894,1026
하수처리장(A),경기도,2024-06-17 9:00,271.87,82.56,170.0474608,43.45,2.72,647951,3,11.021,2,13.52,0.435,721
하수처리장(A),경기도,2024-06-16 9:00,84.91,92.31,174.0370455,27.98,1.77,606412,2,10.168,2,13.11,0.57,509
하수처리장(A),경기도,2024-06-15 9:00,127.28,129.85,170.7832577,49.94,4.23,573465,1.1,10.555,2.455,13.11,1.14,736
하수처리장(A),경기도,2024-06-14 9:00,42.98,74.3,173.0380765,57.12,1.08,1326539,2.1,8.307,2,9.451,0.629,1044
하수처리장(A),경기도,2024-06-13 9:00,143.01,60.57,174.7439324,66.31,4.49,227283,0.4,14.009,2,10.96,0.57,1361
하수처리장(A),경기도,2024-06-12 9:00,273.81,57.79,169.1008181,32.4,2.38,227389,2.8,11.284,2,13.341,0.447,724
하수처리장(A),경기도,2024-06-11 9:00,137.34,54.41,172.2006067,53.65,2.52,392800,1,12.565,2.745,11.062,0.623,879
하수처리장(A),경기도,2024-06-10 9:00,66.73,69.35,172.9062209,77.45,2,638224,1.6,14.582,2.42,14.67,0.402,390
하수처리장(A),경기도,2024-06-09 9:00,204.23,88.99,172.2279749,27.05,2.69,712543,1.8,10.809,2,13.746,0.501,1522
하수처리장(A),경기도,2024-06-08 9:00,165.08,136.13,174.8048623,23.77,3.11,730363,1.4,11.566,2,11.884,0.784,999
하수처리장(A),경기도,2024-06-07 9:00,465.03,76.88,173.8997521,50.67,2,547548,2,11.879,2,13.341,1.14,778
하수처리장(A),경기도,2024-06-06 9:00,47.44,69.92,172.9823476,50.25,1.6,888990,2.1,12.936,2.465,10.069,1.089,639
하수처리장(A),경기도,2024-06-05 9:00,162.8,196,168.7772852,57.73,3.36,888563,0.7,12.996,2,11.748,0.567,924
하수처리장(A),경기도,2024-06-04 9:00,141.32,54.51,168.8966472,31.44,3.01,755998,1.7,12.081,2.723,13.481,0.633,1691
하수처리장(A),경기도,2024-06-03 9:00,105.81,84.82,171.6252819,30.74,2.63,626532,1.9,11.021,2,14.226,0.881,558
하수처리장(A),경기도,2024-06-02 9:00,83.25,27.67,170.3617441,20.57,1.7,803771,1.2,12.607,8.609,14.42,0.223,328
하수처리장(A),경기도,2024-06-01 9:00,168.09,171.02,172.441637,39.52,2.24,1900000,1.3,8.378,8.807,10.786,0.293,484
하수처리장(A),경기도,2024-05-31 9:00,101.23,164.97,172.7516324,57.39,6.28,475666,2.6,12.295,2.084,9.227,1.504,465
하수처리장(A),경기도,2024-05-30 9:00,167.23,43.17,174.883625,48.78,5.88,908428,1.7,12.698,2.1,9.68,1.499,534
하수처리장(A),경기도,2024-05-29 9:00,175.42,61.39,174.267363,36.44,3.72,992229,1.3,10.626,2.1,5.719,1.418,945
하수처리장(A),경기도,2024-05-28 9:00,877.06,45.52,170.0983897,39.96,3.83,259921,2.6,10.768,2,19.6,0.612,374
하수처리장(A),경기도,2024-05-27 9:00,217.45,146.26,170.4123189,33.98,3.48,693447,2.6,10.663,2.205,12.412,0.167,2011
하수처리장(A),경기도,2024-05-26 9:00,43.79,74.7,171.4309722,38.15,3.05,702327,3.2,11.565,2.696,10.966,1.426,246
하수처리장(A),경기도,2024-05-25 9:00,80.84,72.4,171.10873,21.38,2.51,436599,5.8,11.659,2.5,16.8,1.513,289
하수처리장(A),경기도,2024-05-24 9:00,517.88,53.36,173.2522915,17.8,1.99,309348,1.5,11.48,4.267,12.412,0.172,273
하수처리장(A),경기도,2024-05-23 9:00,183.18,66.29,172.8509926,38.8,1.93,1022424,1.6,9.785,2.177,6.852,1.359,298
하수처리장(A),경기도,2024-05-22 9:00,371.35,120.52,171.0651687,36.94,2.91,930930,2.9,11.857,2.2,19.005,1.396,814
하수처리장(A),경기도,2024-05-21 9:00,195.41,91.44,172.3661233,65.31,2.47,794509,2.5,22.564,2,16.8,1.64,1920
하수처리장(A),경기도,2024-05-20 9:00,50.72,38.33,171.8096737,34.18,3.83,1063866,1.1,9.501,2.185,10.966,1.538,248
하수처리장(A),경기도,2024-05-19 9:00,102.96,72.09,174.7303543,31.96,3.47,856746,5.8,9.518,3.207,17.27,0.661,370
하수처리장(A),경기도,2024-05-18 9:00,389.65,43.33,168.5219224,37.09,2.34,293545,1.1,10.73,2.5,11.688,1.192,612
하수처리장(A),경기도,2024-05-17 9:00,219.92,115.2,172.378588,33.9,3.06,920304,1.7,10.298,2.1,9.336,1.504,191
하수처리장(A),경기도,2024-05-16 9:00,146.65,79.45,172.8996071,36.66,2.41,229387,2.6,11.48,2.1,13.153,0.339,421
하수처리장(A),경기도,2024-05-15 9:00,124.87,105.36,171.0140452,28.16,4.72,526014,1.7,9.203,3.146,9.34,1.224,390
하수처리장(A),경기도,2024-05-14 9:00,91.37,43.2,168.8360499,48.4,2.24,745489,2.3,11.015,1.767,8.401,1.069,287
하수처리장(A),경기도,2024-05-13 9:00,120.62,80.52,172.8352781,36.58,2.5,592534,5.9,11.595,2,13.314,1.003,207
하수처리장(A),경기도,2024-05-12 9:00,345.92,110.01,169.2048001,26.02,3.01,298438,1.7,10.727,3.225,12.013,1.538,549
하수처리장(A),경기도,2024-05-11 9:00,331.16,128.74,173.966248,34.2,3.11,652283,1.8,12.635,2,16.166,0.193,425
하수처리장(A),경기도,2024-05-10 9:00,123.03,110.19,170.5829202,59.06,2.58,872045,2,12.011,2.742,8.125,1.314,273
하수처리장(A),경기도,2024-05-09 9:00,121.68,72.12,172.6054739,24.66,1.69,338321,1.4,11.231,3.067,12.097,0.608,360
하수처리장(A),경기도,2024-05-08 9:00,239.81,46.57,167.619423,28.08,3.11,481559,1.6,10.296,2,8.679,0.257,136
하수처리장(A),경기도,2024-05-07 9:00,240.18,96.35,172.7586197,40.66,2.9,746812,1.5,11.456,2.492,12.066,0.555,618
하수처리장(A),경기도,2024-05-06 9:00,129.36,33.47,172.9919772,56.96,1.72,456209,1.4,11.704,3.444,19.553,0.968,462
하수처리장(A),경기도,2024-05-05 9:00,83.33,35.72,173.5033996,44.36,1.53,1185977,1.2,10.86,1.96,9.04,0.158,427
하수처리장(A),경기도,2024-05-04 9:00,87.35,58.72,174.4141754,23.75,1.59,422873,4,10.668,2.032,5.719,0.604,376
하수처리장(A),경기도,2024-05-03 9:00,125.58,69.78,172.9622269,39.75,3.44,336617,1.2,10.55,2.1,9.913,1.426,772
하수처리장(A),경기도,2024-05-02 9:00,77.36,77.87,167.6015275,54.98,2.34,773707,2.6,11.074,2.211,10.048,0.997,200
하수처리장(A),경기도,2024-05-01 9:00,126.94,58.88,168.4300756,36.55,2.69,645264,1.2,11.564,3.039,13.646,0.172,141
하수처리장(A),경기도,2024-04-30 9:00,73.63,22.44,172.5253137,70.34,1.89,409701,2,10.86,1.728,14.108,0.287,692
하수처리장(A),경기도,2024-04-29 9:00,65.42,34.17,168.778908,57.03,1.09,1026652,1,11.025,2.5,12.795,0.213,754
하수처리장(A),경기도,2024-04-28 9:00,313.48,41.57,173.1011919,41.52,2.46,360085,1,10.296,2.511,10.792,1.322,798
하수처리장(A),경기도,2024-04-27 9:00,112.9,70.45,167.79742,64.99,4.1,834425,2.3,11.337,2,10.555,0.49,518
하수처리장(A),경기도,2024-04-26 9:00,88.17,76.98,170.0026346,20.21,2.27,902039,4.2,11.028,2.1,10.792,0.612,396
하수처리장(A),경기도,2024-04-25 9:00,116.06,97.09,170.5763108,44,2.13,1198896,4.6,12.621,1.968,10.048,0.722,397
하수처리장(A),경기도,2024-04-24 9:00,95.48,73.13,169.2992097,30.25,2.16,615924,1.5,12.228,2.459,11.869,0.325,425
하수처리장(A),경기도,2024-04-23 9:00,158.25,125.03,172.7283264,33.97,2.89,1291741,5.5,12.514,2.073,9.677,0.277,281
하수처리장(A),경기도,2024-04-22 9:00,220.66,138.85,168.9912941,30.47,2.15,483670,1.2,11.93,2.427,5.668,1.114,1472
하수처리장(A),경기도,2024-04-21 9:00,174.47,66.9,172.3804933,44.71,2.8,515617,4,10.583,2.1,19.005,1.756,523
하수처리장(A),경기도,2024-04-20 9:00,282.19,77.35,170.4034478,54.19,3.42,463762,1.2,12.754,2.2,12.013,0.919,423
하수처리장(A),경기도,2024-04-19 9:00,116.6,104.74,169.6326813,17.84,2.54,567078,1.4,11.416,2.066,10.204,0.554,351
하수처리장(A),경기도,2024-04-18 9:00,112.36,179.41,170.2887663,22.29,3.89,850961,1.4,10.362,2.452,11.323,1.028,1353
하수처리장(A),경기도,2024-04-17 9:00,473.02,129.13,173.356534,26.64,1.91,421402,2.7,9.288,4.427,11.907,0.555,365
하수처리장(A),경기도,2024-04-16 9:00,205.48,73.45,167.8222119,32.09,2.24,652945,1.1,11.671,3.067,10.057,1.008,534
하수처리장(A),경기도,2024-04-15 9:00,72.64,58.99,173.4107466,64.3,1.85,284798,2,13.642,3.03,13.166,0.487,962
하수처리장(A),경기도,2024-04-14 9:00,108.32,105.83,169.7110043,32.2,2.56,414676,1.3,13.663,2,17.27,0.452,166
하수처리장(A),경기도,2024-04-13 9:00,105.61,118.17,168.0487685,20.21,3.48,1220581,1.7,9.903,2.209,10.792,0.719,209
하수처리장(A),경기도,2024-04-12 9:00,198.39,70.73,171.6138919,40.49,2.63,927220,1.4,11.777,4.76,10.966,1.343,190
하수처리장(A),경기도,2024-04-11 9:00,144.29,136.04,172.9047154,22.2,2.11,583062,1.7,13.385,2,4.904,0.169,300
하수처리장(A),경기도,2024-04-10 9:00,163.38,134.82,168.0967324,53.54,1.44,427949,3.2,10.836,2,10.977,0.461,413
하수처리장(A),경기도,2024-04-09 9:00,454.75,41.01,172.2791574,27.31,2.05,615146,1.5,13.053,2.222,10.295,1.756,306
하수처리장(A),경기도,2024-04-08 9:00,158.84,58.33,171.2568746,25.27,2.38,676681,2.9,11.386,3.099,12.013,0.149,2148
하수처리장(A),경기도,2024-04-07 9:00,204.9,69.58,170.371564,22.26,2.01,299666,1.6,12.506,2,10.567,0.497,756
하수처리장(A),경기도,2024-04-06 9:00,183.74,89.06,173.0953266,73.02,1.21,1490428,4.6,14.523,3.607,9.867,1.027,418
하수처리장(A),경기도,2024-04-05 9:00,434.33,57.59,168.2872891,30.48,1.99,507691,2.5,10.964,2,16.202,0.863,237
하수처리장(A),경기도,2024-04-04 9:00,135.05,86.49,171.9384271,67.07,3.97,475472,1.8,12.469,2,12.202,0.648,117
하수처리장(A),경기도,2024-04-03 9:00,223.72,31.43,167.9853678,37.37,3.56,366683,1.4,11.244,3.187,8.593,1.426,284
하수처리장(A),경기도,2024-04-02 9:00,157.63,152.98,174.9425479,30.37,3.28,470063,1,11.016,2,16.202,0.611,1640
하수처리장(A),경기도,2024-04-01 9:00,121.5,56.72,169.9955072,37.46,3.4,815101,2.1,12.1,2.296,6.991,0.331,470
하수처리장(A),경기도,2024-03-31 9:00,165.73,158.53,170.9389371,20.67,1.44,893992,1.1,11.473,2,8.593,1.264,520
하수처리장(A),경기도,2024-03-30 9:00,518.68,52.5,174.4934379,28.14,1.73,407716,1.3,9.892,2.556,6.991,1.245,601
하수처리장(A),경기도,2024-03-29 9:00,93.65,58.79,171.4978413,44.07,2.6,1417984,1.5,10.051,3.037,9.874,1.426,2148
하수처리장(A),경기도,2024-03-28 9:00,166.02,47.05,167.8842091,40.21,2.08,1198049,1.7,11.818,2,11.332,0.554,1111
하수처리장(A),경기도,2024-03-27 9:00,80.22,65.87,172.192926,41.52,1.71,494723,1.1,10.112,2.5,11.719,0.73,267
하수처리장(A),경기도,2024-03-26 9:00,152.92,52.99,167.7703266,53.59,2.18,567604,1.6,12.211,2.101,10.792,0.162,390
하수처리장(A),경기도,2024-03-25 9:00,50.52,33.91,170.2352666,39.89,1.98,1342392,5.8,10.801,2,9.94,0.629,230
하수처리장(A),경기도,2024-03-24 9:00,179.31,77.24,174.8242397,28.25,2.57,285257,4.3,12.514,4.686,9.724,0.145,289
하수처리장(A),경기도,2024-03-23 9:00,262.33,165.54,173.0289159,43.12,2.89,1113643,1.4,10.597,2.1,11.644,0.177,492
하수처리장(A),경기도,2024-03-22 9:00,31.69,41.17,170.2220138,36.73,2.41,272239,1.4,11.621,2,10.977,1.009,1084
하수처리장(A),경기도,2024-03-21 9:00,73.35,154.37,171.0142867,27.6,2.02,227619,1.3,11.103,2.2,13.646,0.777,901
하수처리장(A),경기도,2024-03-20 9:00,131.02,48.55,167.9291175,40.56,3.23,415419,1.5,13.852,2.1,11.575,0.722,466
하수처리장(A),경기도,2024-03-19 9:00,131.54,44.43,171.283077,55.27,3.34,1050797,4.6,11.797,2.5,19.005,1.285,632
하수처리장(A),경기도,2024-03-18 9:00,158.54,69.09,170.0373557,45,2.72,270949,1.3,17.689,3.777,10.74,0.296,1898
하수처리장(A),경기도,2024-03-17 9:00,47.57,106.23,174.9566882,46.17,4.55,359999,3,10.762,2,16.166,0.926,575
하수처리장(A),경기도,2024-03-16 9:00,232.39,60.48,174.283943,20.25,2.39,196280,1.1,11.934,2.58,15.77,0.635,255
하수처리장(A),경기도,2024-03-15 9:00,217.83,69.46,168.3131641,43.1,1.51,626135,2.1,14.515,2.605,10.084,0.389,1524
하수처리장(A),경기도,2024-03-14 9:00,96.07,306.8,170.5214173,41.69,2.63,438048,4.2,10.642,2.2,9.227,1.177,1147
하수처리장(A),경기도,2024-03-13 9:00,133.46,86.79,170.709024,58.09,2.45,301443,2.4,10.84,3.03,10.309,0.179,195
하수처리장(A),경기도,2024-03-12 9:00,267.3880018,49.69,174.8782575,34.5,3.33,530168,1.9,13.671,2.024,11.088,1.028,265
하수처리장(A),경기도,2024-03-11 9:00,284.9879628,196.56,170.3074301,66.82,2.9,741293,1.1,12.46,2.235,5.386,0.296,375
하수처리장(A),경기도,2024-03-10 9:00,284.7069403,41.36,171.5615878,38.3,1.9,293128,1.7,9.698,2.2,17.177,0.863,361
하수처리장(A),경기도,2024-03-09 9:00,266.2235783,103.2,172.83407,45.03,3.59,737818,1.9,18.903,5.091,13.83,1.149,207
하수처리장(A),경기도,2024-03-08 9:00,267.5408035,227.82,167.6208672,30.96,1.52,790687,4,10.093,2.54,11.001,1.245,153
하수처리장(A),경기도,2024-03-07 9:00,283.972542,73.52,167.7867371,30.48,2.74,646260,2.6,13.433,2.1,8.593,0.202,475
하수처리장(A),경기도,2024-03-06 9:00,289.7640671,74.31,172.0504977,54.41,2.3,509364,2.6,15.577,3.275,6.851,0.919,364
하수처리장(A),경기도,2024-03-05 9:00,274.9562968,123.33,172.4669686,28.07,2.53,1563124,1.1,10.051,2.169,11.907,0.209,548
하수처리장(A),경기도,2024-03-04 9:00,275.9484116,106.81,168.2653677,45.72,2.69,913598,1.3,12.566,2.2,19.715,0.172,566
하수처리장(A),경기도,2024-03-03 9:00,279.8492725,61,168.9571932,26.34,2.34,509062,5.5,11.381,2.023,5.719,0.302,528
하수처리장(A),경기도,2024-03-02 9:00,281.100193,182.04,173.334808,26.82,3.35,1008181,1.2,10.845,2,8.679,1.675,199
하수처리장(A),경기도,2024-03-01 9:00,276.4752908,38.75,170.1170457,51.17,1.75,422797,2.6,12.1,2.1,9.867,0.554,465
하수처리장(A),경기도,2024-02-29 9:00,279.0768286,85.29,173.6191503,37.15,2.34,310119,2,11.317,2.9,7.859,0.275,979
하수처리장(A),경기도,2024-02-28 9:00,274.5191064,105.33,167.501347,35.81,3.24,359788,2.9,12.541,2.325,9.357,0.157,598
하수처리장(A),경기도,2024-02-27 9:00,272.2142227,200.4,173.1871059,23.71,2.63,323261,1.6,12.835,2.5,5.909,0.453,523
하수처리장(A),경기도,2024-02-26 9:00,273.8727562,105.61,169.9274236,31.33,2.3,298187,2.5,12.996,2,11.775,0.202,545
하수처리장(A),경기도,2024-02-25 9:00,287.8425307,61.21,174.9093022,57.53,2.24,1068881,2.2,10.639,2.878,11.71,1.18,429
하수처리장(A),경기도,2024-02-24 9:00,277.6116107,69.31,168.6528846,56.32,2.03,988270,1.8,11.552,2.779,9.892,0.318,889
하수처리장(A),경기도,2024-02-23 9:00,269.698302,55.59,171.6384876,95.61,2.14,428833,3.1,11.213,2.864,5.858,0.26,117
하수처리장(A),경기도,2024-02-22 9:00,277.9862944,146.86,173.5777794,20.84,3.45,451140,2.9,12.708,2.041,8.152,0.34,119
하수처리장(A),경기도,2024-02-21 9:00,280.0143326,69.76,173.4318172,28.89,4.19,437515,2.8,12,3.089,10.831,0.169,609
하수처리장(A),경기도,2024-02-20 9:00,287.273394,92.12,170.2464703,30.03,6.49,876687,1.4,13.476,2.729,9.674,0.145,1029
하수처리장(A),경기도,2024-02-19 9:00,276.2716286,77.08,174.993312,15.68,2.12,891775,1.2,10.775,3.039,7.436,0.241,516
하수처리장(A),경기도,2024-02-18 9:00,273.551731,60.04,171.4118474,29.06,2.39,1009466,4.8,9.465,2.197,13.02,0.162,673
하수처리장(A),경기도,2024-02-17 9:00,272.7223037,48.45,168.8056999,29.55,2.23,715630,7.3,15.999,2.9,11.235,0.109,500
하수처리장(A),경기도,2024-02-16 9:00,287.8864578,60.57,171.8020081,69.55,1.22,892542,3.1,12.261,3.719,16.991,0.26,254
하수처리장(A),경기도,2024-02-15 9:00,277.9053027,43.82,172.1102245,28,3.32,677876,2,10.341,2.903,7.702,0.095,509
하수처리장(A),경기도,2024-02-14 9:00,289.708153,48.66,173.5392662,22.09,2.62,708056,1.7,13.082,2.502,8.312,0.236,332
하수처리장(A),경기도,2024-02-13 9:00,284.7746669,62.01,172.1448734,32.48,4.2,982586,2.2,12.217,2.317,9.135,0.419,214
하수처리장(A),경기도,2024-02-12 9:00,271.9200031,91.56,167.6879229,51.13,3.18,957402,1.9,11.94,2.4,8.49,0.135,694
하수처리장(A),경기도,2024-02-11 9:00,280.2628902,96.98,168.2928709,50.18,3.02,306351,2.9,10.345,2.903,11.82,0.433,310
하수처리장(A),경기도,2024-02-10 9:00,288.5688687,72.4,167.9497413,28.38,2.29,817791,2.4,12.046,2.4,9.417,0.377,331
하수처리장(A),경기도,2024-02-09 9:00,279.0178794,47.68,170.712337,29.48,4.47,544268,3.3,14.044,2.109,11.769,0.494,463
하수처리장(A),경기도,2024-02-08 9:00,287.6994085,149.24,173.9671119,46.07,2.95,877927,1.8,10.727,2.4,11.71,0.169,266
하수처리장(A),경기도,2024-02-07 9:00,278.6585546,37.92,170.1012803,47.96,2.79,948644,1.7,11.431,2,18.903,0.377,337
하수처리장(A),경기도,2024-02-06 9:00,275.3971439,104.71,174.4761559,34.89,3.81,442610,3.4,11.978,3.147,6.746,0.665,184
하수처리장(A),경기도,2024-02-05 9:00,287.4811865,67.07,172.5389733,47.96,2.86,358682,2.9,12.398,2,11.969,0.104,441
하수처리장(A),경기도,2024-02-04 9:00,287.2702452,49.07,174.9264419,38.99,4.12,625701,2.2,10.849,2.436,9.625,0.265,1329
하수처리장(A),경기도,2024-02-03 9:00,286.8981663,150.62,170.0657972,73.86,2.05,705160,2.1,12.914,3.217,7.165,0.497,443
하수처리장(A),경기도,2024-02-02 9:00,281.4745389,29.75,170.0982449,25.9,3.2,642419,2.2,12.746,2.021,7.759,0.102,1425
하수처리장(A),경기도,2024-02-01 9:00,268.5555543,43.7,168.1426784,29.57,2.82,668901,3.3,12.356,2.661,8.223,0.131,217
하수처리장(A),경기도,2024-01-31 12:00,277.585944,61.9,170.671231,55.41,2.43,447865,1.5,12.317,2.857,9.674,0.318,1177
하수처리장(A),경기도,2024-01-30 12:00,279.3672163,76.74,169.1001424,16.35,2.19,481651,1.9,10.018,2.324,13.513,0.746,856
하수처리장(A),경기도,2024-01-29 12:00,270.9158155,89.16,171.1473832,65.95,3.8,520384,2.1,11.154,3.048,11.736,0.1,281
하수처리장(A),경기도,2024-01-28 12:00,273.2092662,157.32,171.0718052,25.26,1.52,875657,2.5,12.136,2.5,13.418,0.34,96
하수처리장(A),경기도,2024-01-27 12:00,281.2540875,42.13,170.2683687,20.2,2.05,1054908,3.4,12.78,2.504,13.475,0.233,1187
하수처리장(A),경기도,2024-01-26 12:00,278.4637303,83.52,172.8472722,64.83,2.23,305524,1.9,11.057,2.083,13.568,0.162,302
하수처리장(A),경기도,2024-01-25 12:00,273.8975374,154.98,173.4371345,31.66,2.05,1241814,1.5,11.94,2.848,8.865,0.26,240
하수처리장(A),경기도,2024-01-24 12:00,289.9664588,54.81,174.8944138,42.54,1.69,1104235,2.1,11.956,2.982,11.736,0.581,676
하수처리장(A),경기도,2024-01-23 12:00,279.132631,86.12,171.1678361,18.36,3.26,662991,5,11.388,2.224,7.165,0.435,519
하수처리장(A),경기도,2024-01-22 12:00,285.1281679,28.21,168.3132216,31.54,2.58,794466,2.2,12.158,2.442,8.266,0.904,176
하수처리장(A),경기도,2024-01-21 12:00,279.7729582,39.89,168.3790018,34.1,3.91,404411,2.2,12.015,2.4,6.746,0.581,2400
하수처리장(A),경기도,2024-01-20 12:00,271.4365698,53.76,169.2597797,35.19,2.31,417932,3.9,12.863,2.556,7.341,0.347,934
하수처리장(A),경기도,2024-01-19 12:00,283.0161753,176.67,174.912538,34.66,3.07,332518,2.5,14.01,3.245,4.916,0.241,506
하수처리장(A),경기도,2024-01-18 12:00,273.3893217,46.38,170.8104881,53.69,2.28,503244,3.6,12.473,2.9,8.223,0.117,476
하수처리장(A),경기도,2024-01-17 12:00,270.9361815,127.15,167.8448332,49.54,2.82,427965,2.5,10.09,5.186,11.633,0.161,513
하수처리장(A),경기도,2024-01-16 12:00,266.8234865,191.48,172.0601369,32.07,4.21,483049,2.3,9.541,2.503,7.296,0.359,613
하수처리장(A),경기도,2024-01-15 12:00,280.6026665,73.53,170.377374,32.09,2.11,816604,2.2,10.436,2.9,13.475,0.803,1303
하수처리장(A),경기도,2024-01-14 12:00,266.1513828,36.01,172.8607208,38.81,3.85,687929,3.1,12.766,3.289,6.952,0.301,467
하수처리장(A),경기도,2024-01-13 12:00,285.6579166,59.88,172.220401,66.47,2.23,578274,1,14.278,2.353,13.844,0.157,192
하수처리장(A),경기도,2024-01-12 12:00,286.8821276,46.33,171.0033339,49.82,1.16,803868,2.4,12.335,2.9,10.782,0.104,445
하수처리장(A),경기도,2024-01-11 12:00,267.5475717,35.52,169.5158197,39.7,1.63,1296036,3.6,11.886,2.324,12.409,0.166,724
하수처리장(A),경기도,2024-01-10 12:00,287.3769216,107.55,171.9912269,27.32,2.92,983526,2.4,11.165,2.9,6.697,0.915,886
하수처리장(A),경기도,2024-01-09 12:00,281.1752937,57.77,173.7349139,33.33,4.28,649819,1.9,11.817,2.726,12.079,0.435,157
하수처리장(A),경기도,2024-01-08 12:00,271.1575313,251.49,169.0201532,22.8,2.25,554502,1.4,12.869,2.317,8.326,0.497,1114
하수처리장(A),경기도,2024-01-07 12:00,285.6826276,122.9,169.5543311,47.88,4.22,362357,3.7,9.336,3.082,10.782,0.359,353
하수처리장(A),경기도,2024-01-06 12:00,289.9517438,76.64,172.8920563,36.49,1.69,544690,4.9,10.434,2.324,11.56,0.904,643
하수처리장(A),경기도,2024-01-05 12:00,289.8270631,49.44,168.1398556,46.25,1.49,939213,2.2,10.427,2.508,19.798,0.691,673
하수처리장(A),경기도,2024-01-04 12:00,266.1950765,183.06,167.6713292,46.89,2.19,806866,2.2,11.683,2.852,11.82,0.145,686
하수처리장(A),경기도,2024-01-03 12:00,286.771782,44.58,170.3272422,52.02,2.03,592047,2.8,10.984,4.073,8.49,0.39,406
하수처리장(A),경기도,2024-01-02 12:00,280.110596,109.62,174.339962,37.9,2.95,117114,1.8,10.496,2.485,8.402,0.084,545
하수처리장(A),경기도,2024-01-01 12:00,286.3480999,216.74,168.7711543,29.62,1.99,555715,1.8,12.037,2.022,11.969,0.436,1689
하수처리장(C),충남,2025-06-30 12:00,363.37,66.49,200.82,73.78,6.5,157097,0.7,11.535,0.1,3.791,0.319,15
하수처리장(C),충남,2025-06-29 12:00,206.29,125.06,187.69,66.6,5.98,210909,0.9,8.626,0.475,10.821,0.314,14
하수처리장(C),충남,2025-06-28 12:00,308.87,81.37,214.38,45.48,6.61,205754,1,11.281,0.1,16.387,0.26,7
하수처리장(C),충남,2025-06-27 12:00,257.79,178.8,285.67,81.81,8.29,228129,1.3,9.753,0.504,7.099,0.247,4
하수처리장(C),충남,2025-06-26 12:00,216.92,150.86,252.85,69.54,7.83,166233,1.6,9.401,2.075,13.271,0.498,16
하수처리장(C),충남,2025-06-25 12:00,195.54,61.16,262.49,57.84,7.5,294561,0.9,10.357,0.1,6.342,0.303,8
하수처리장(C),충남,2025-06-24 12:00,270.58,62.59,232.83,50.82,5.59,267952,1,7.015,0.1,9.943,0.207,11
하수처리장(C),충남,2025-06-23 12:00,210.11,108.53,241.79,86.99,5.78,225239,0.5,10.32,2.052,6.817,0.227,2
하수처리장(C),충남,2025-06-22 12:00,265.19,116.83,184.89,48.38,6.38,228814,0.9,12.135,0.1,11.075,0.559,24
하수처리장(C),충남,2025-06-21 12:00,367.03,131.29,176.15,61.55,7.96,176942,0.8,10.998,0.258,7.178,0.524,23
하수처리장(C),충남,2025-06-20 12:00,225.75,131.34,228.96,94.92,7.38,188848,0.9,9.95,0.1,5.39,0.264,6
하수처리장(C),충남,2025-06-19 12:00,297.58,61.41,235.82,74.49,8.48,236937,1,8.77,0.4,8.597,0.324,4
하수처리장(C),충남,2025-06-18 12:00,258.18,178.8,192.17,73.32,6.05,211380,0.8,9.875,0.1,7.349,0.251,2
하수처리장(C),충남,2025-06-17 12:00,254.1,143.93,222.89,84.29,4.35,182842,1,11.038,0.22,5.745,0.311,41
하수처리장(C),충남,2025-06-16 12:00,218.33,86.27,208.88,92.35,6.95,249970,1,9.89,0.525,11.082,0.275,5
하수처리장(C),충남,2025-06-15 12:00,297.83,124.51,369.46,51.23,5.64,195797,2.7,10.809,1.937,6.22,0.27,5
하수처리장(C),충남,2025-06-14 12:00,301.24,74.62,295.99,76.12,6.29,159042,1.3,9.904,0.1,9.943,0.349,1
하수처리장(C),충남,2025-06-13 12:00,261.97,117.8,251.93,66.32,5.81,263049,1.2,11.033,0.1,8.249,0.334,12
하수처리장(C),충남,2025-06-12 12:00,330.42,81,171.41,55.86,8.69,216809,1.1,12.737,0.651,5.883,0.228,14
하수처리장(C),충남,2025-06-11 12:00,275.29,73.51,187.46,64.34,5.47,213549,1.1,11.704,1.181,9.862,0.495,8
하수처리장(C),충남,2025-06-10 12:00,196.96,131.52,258.67,75.28,5.54,330374,1.6,9.219,0.102,8.743,0.967,5
하수처리장(C),충남,2025-06-09 12:00,262.11,112.35,327.74,56.09,8.68,244376,1.3,12.469,2.163,12.331,0.195,11
하수처리장(C),충남,2025-06-08 12:00,261.25,104.3,134.57,92.35,6.48,269400,1.3,10.66,0.1,7.099,0.264,17
하수처리장(C),충남,2025-06-07 12:00,282.22,159.06,181.82,49.2,5.92,216579,0.8,13.554,0.1,2.76,0.608,12
하수처리장(C),충남,2025-06-06 12:00,210.46,103.52,223.09,71.33,4.61,183103,1.6,11.174,7.003,5.192,0.454,10
하수처리장(C),충남,2025-06-05 12:00,281.49,114.64,235.32,56.2,5.93,163570,0.8,10.291,0.166,5.529,0.228,89
하수처리장(C),충남,2025-06-04 12:00,301.54,112.26,318.44,65.63,6.04,255999,0.5,9.905,0.1,6.817,0.221,5
하수처리장(C),충남,2025-06-03 12:00,253.46,129.06,202.69,51.83,8.69,240572,1.1,11.571,0.438,8.975,0.324,2
하수처리장(C),충남,2025-06-02 12:00,234.1,125.05,244.82,66.15,7.94,331368,1,13.479,0.423,4.29,0.348,12
하수처리장(C),충남,2025-06-01 12:00,306.95,102.64,186.75,67.49,7.95,187365,0.7,13.048,0.4,7.499,0.389,2
하수처리장(C),충남,2025-05-31 12:00,246.36,95.32,279.13,63.69,7.5,197600,1.1,12.732,0.406,11.287,0.184,3
하수처리장(C),충남,2025-05-30 12:00,262.23,105.23,212.72,77.17,6.03,248437,1.6,14.062,0.7,8.917,0.382,14
하수처리장(C),충남,2025-05-29 12:00,279.28,102.82,420.08,79.22,5.75,234222,1.2,12.147,0.741,9.095,0.116,37
하수처리장(C),충남,2025-05-28 12:00,282.63,64.26,322.09,60.12,7.66,254559,1.5,17.412,0.9,8.996,0.116,11
하수처리장(C),충남,2025-05-27 12:00,213.94,135.95,181.03,82.53,6.78,266202,0.9,11.735,1.019,11.452,0.176,10
하수처리장(C),충남,2025-05-26 12:00,182.98,84.64,198.47,71.21,6.18,279612,1.2,10.347,0.846,4.939,0.392,15
하수처리장(C),충남,2025-05-25 12:00,215.02,61.55,223.62,74.92,8.38,243066,2.5,9.048,0.7,11.163,0.334,38
하수처리장(C),충남,2025-05-24 12:00,292.44,174.06,235.97,56.92,5.71,249425,0.9,14.99,0.7,10.737,0.347,105
하수처리장(C),충남,2025-05-23 12:00,218.39,84.85,163.87,71.17,7.64,282689,1.2,11.687,1.027,9.912,0.166,14
하수처리장(C),충남,2025-05-22 12:00,236.06,68.54,263.13,77.76,4.66,256937,1.3,9.566,0.134,9.941,0.146,12
하수처리장(C),충남,2025-05-21 12:00,217.63,90.74,262.41,88.63,8.69,254812,1.1,14.669,1.74,7.428,0.344,5
하수처리장(C),충남,2025-05-20 12:00,295.48,140.28,250.83,71.3,5.39,242921,1.3,18.834,1.059,9.976,0.354,23
하수처리장(C),충남,2025-05-19 12:00,244.67,173.86,229.99,79.67,8.69,173742,1.6,12.334,6.869,8.68,0.518,19
하수처리장(C),충남,2025-05-18 12:00,269.47,92.65,195.24,53.58,7.01,180870,0.9,11.433,0.824,9.65,0.116,11
하수처리장(C),충남,2025-05-17 12:00,208.88,70.33,287.29,64.01,4.63,200330,1.3,9.405,0.2,6.128,0.233,10
하수처리장(C),충남,2025-05-16 12:00,204.19,122.19,205.38,67.19,5.35,162866,0.9,9.343,1.357,6.94,0.332,12
하수처리장(C),충남,2025-05-15 12:00,312.54,75.95,284.94,50.46,5.2,235014,1.9,11.555,0.802,10.906,0.138,32
하수처리장(C),충남,2025-05-14 12:00,285.75,71.14,197.24,76.35,7.2,233249,1.1,13.54,0.989,9.77,0.468,13
하수처리장(C),충남,2025-05-13 12:00,205.09,81.4,187.44,64.95,8.69,202803,1,19.862,0.562,7.892,0.394,46
하수처리장(C),충남,2025-05-12 12:00,240.86,76.99,256.01,69.98,8.51,271564,1.2,12.636,1.214,6.675,0.153,16
하수처리장(C),충남,2025-05-11 12:00,258.57,117.88,321.98,49.78,7.52,226836,1.4,12.262,0.7,7.254,0.229,4
하수처리장(C),충남,2025-05-10 12:00,326.35,178.8,174.33,66.11,6.21,200018,1.1,11.801,1.239,7.268,0.268,16
하수처리장(C),충남,2025-05-09 12:00,229.44,103.78,304.16,61.39,5.11,221794,1.9,12.134,1.763,5.253,0.151,32
하수처리장(C),충남,2025-05-08 12:00,255.7,81.39,293.08,92.11,3.71,243048,1.4,15.11,0.7,6.042,0.187,3
하수처리장(C),충남,2025-05-07 12:00,332.69,105.64,325.83,66.29,5.48,232191,2.1,15.59,0.729,11.067,0.526,11
하수처리장(C),충남,2025-05-06 12:00,217.85,143.3,304.66,84.15,6.36,202823,1.6,11.531,0.2,5.445,0.142,6
하수처리장(C),충남,2025-05-05 12:00,225.35,116.14,268.79,78.97,5.78,222738,0.7,18.805,0.907,10.737,0.264,17
하수처리장(C),충남,2025-05-04 12:00,281.13,113.53,227.44,60.3,5.12,378354,1,12.06,0.2,7.403,0.362,10
하수처리장(C),충남,2025-05-03 12:00,331.03,134.69,237.25,64.34,6.41,204247,1,11.809,0.7,6.52,0.37,6
하수처리장(C),충남,2025-05-02 12:00,251.52,119.87,194.02,65.19,4.45,196488,1.3,13.077,0.7,11.946,0.228,20
하수처리장(C),충남,2025-05-01 12:00,218.78,178.8,158.79,58.87,6.25,192672,0.7,11.712,1.763,10.083,0.313,8
하수처리장(C),충남,2025-04-30 12:00,237.78,121.64,232.74,62.03,6.73,189312,0.9,14.708,0.9,9.284,0.142,14
하수처리장(C),충남,2025-04-29 12:00,263.25,178.8,252.59,60.67,7.07,338079,1,12.136,1.436,9.057,0.262,12
하수처리장(C),충남,2025-04-28 12:00,226.21,94.78,224.37,55.43,7.68,288286,1.2,11.613,0.8,4.457,0.259,14
하수처리장(C),충남,2025-04-27 12:00,278.76,100.72,178.54,60.07,6.76,261781,1.5,15.33,0.715,8.439,0.264,7
하수처리장(C),충남,2025-04-26 12:00,253.76,50.41,275.21,62.43,6.06,211128,0.9,14.892,0.16,7.32,0.203,10
하수처리장(C),충남,2025-04-25 12:00,239.75,122.73,208.08,77.45,6.27,270423,1,18.85,0.8,14.822,0.144,20
하수처리장(C),충남,2025-04-24 12:00,291.72,85.42,214.39,51.52,4.42,231668,0.9,12.495,4.388,9.057,0.631,7
하수처리장(C),충남,2025-04-23 12:00,297.45,92.15,219.5,56.41,5.55,206671,1.2,9.522,0.684,4.361,0.71,16
하수처리장(C),충남,2025-04-22 12:00,238.25,84.91,365.3,64.3,4.69,297369,2.5,19.375,0.557,7.615,0.382,25
하수처리장(C),충남,2025-04-21 12:00,280.46,83.73,271.76,66.29,3.76,207761,1.4,18.853,1.503,4.939,0.212,16
하수처리장(C),충남,2025-04-20 12:00,286.97,97.04,308.54,72.58,7.64,252562,1,10.276,1.1,5.253,0.14,20
하수처리장(C),충남,2025-04-19 12:00,209.59,61.89,198.61,82.25,4.88,311518,0.7,17.086,0.807,8.902,0.086,8
하수처리장(C),충남,2025-04-18 12:00,239.94,147.73,319.72,51.34,7.26,175234,1.2,14.396,0.7,13.428,0.387,23
하수처리장(C),충남,2025-04-17 12:00,247.85,55.08,293.56,59.39,6.29,253138,1.4,17.596,0.7,9.095,0.116,21
하수처리장(C),충남,2025-04-16 12:00,245.66,119.17,204.98,72.97,7.74,215106,1.9,17.256,1,10.294,0.135,28
하수처리장(C),충남,2025-04-15 12:00,337.89,178.8,239.16,67.42,6.75,176808,1.4,12.732,0.982,10.14,0.144,1
하수처리장(C),충남,2025-04-14 12:00,276.59,79.21,316.84,55.14,7.19,232358,1,19.343,1.1,14.822,0.229,11
하수처리장(C),충남,2025-04-13 12:00,238.48,65.32,335.36,49.05,6.44,209256,0.7,16.527,0.726,4.689,0.192,12
하수처리장(C),충남,2025-04-12 12:00,290.61,102.8,250.63,69.81,6.57,159812,1.6,15.767,0.7,10.316,0.379,23
하수처리장(C),충남,2025-04-11 12:00,349.15,55.09,169.17,48.69,5.45,192657,1,14.522,7.094,6.054,0.478,57
하수처리장(C),충남,2025-04-10 12:00,252.48,53.08,178.83,57.3,5.61,157974,1.8,19.207,7.38,6.153,0.259,4
하수처리장(C),충남,2025-04-09 12:00,199.58,88.47,231.21,72.1,7.79,217941,0.9,12.16,0.791,4.593,0.404,7
하수처리장(C),충남,2025-04-08 12:00,317.5,77.76,287.91,60.54,6.14,228514,1.5,15.897,0.2,8.105,0.529,9
하수처리장(C),충남,2025-04-07 12:00,228.62,65.52,253.54,54.53,6.16,228495,1.2,16.856,1.429,11.847,0.347,9
하수처리장(C),충남,2025-04-06 12:00,295.24,106.22,173.69,80.53,7.15,292573,1.1,12.818,1.1,10.181,0.27,33
하수처리장(C),충남,2025-04-05 12:00,204.7,78.98,212.43,86.84,5.5,195458,1.2,13.08,0.8,10.982,0.286,10
하수처리장(C),충남,2025-04-04 12:00,262.67,167.86,239.23,77.85,5.99,229491,2,15.483,0.2,10.409,0.102,15
하수처리장(C),충남,2025-04-03 12:00,196.82,59.8,288.85,70.76,5.01,265033,1.1,9.697,0.985,6.94,0.041,5
하수처리장(C),충남,2025-04-02 12:00,332.2,96.53,181.61,115.05,5.54,192458,0.9,14.582,0.753,8.014,0.14,11
하수처리장(C),충남,2025-04-01 12:00,222.64,59.52,319.64,40.4,6.45,206361,0.9,12.931,0.169,9.508,0.529,5
하수처리장(C),충남,2025-03-31 12:00,344.53,99.67,195.66,70.32,5.34,185989,1.9,10.432,0.67,10.393,0.212,7
하수처리장(C),충남,2025-03-30 12:00,215.54,86.67,281.42,59.08,6.5,291480,0.9,15.25,0.7,5.481,0.239,5
하수처리장(C),충남,2025-03-29 12:00,345.32,137.36,312.79,46.14,5.16,227143,0.9,12.321,0.8,11.946,0.119,7
하수처리장(C),충남,2025-03-28 12:00,245.64,74.68,257.69,63.66,4.95,208076,2.5,12.24,0.7,8.271,0.21,33
하수처리장(C),충남,2025-03-27 12:00,349.68,81.37,232.7,63.77,5.93,211591,3.2,11.185,0.2,9.057,0.27,25
하수처리장(C),충남,2025-03-26 12:00,270.47,118.07,256.3,68.11,8.69,256820,0.8,18.618,0.836,8.107,0.14,23
하수처리장(C),충남,2025-03-25 12:00,315.62,89.56,241.31,69.92,7.52,239587,1.8,11.724,1.282,13.25,0.086,41
하수처리장(C),충남,2025-03-24 12:00,219.11,109.58,322.61,61.06,6.4,248545,1.7,12.154,0.685,5.9,0.275,39
하수처리장(C),충남,2025-03-23 12:00,238.48,151.97,180.08,61.29,5.69,201014,2.6,14.912,0.2,8.996,0.142,3
하수처리장(C),충남,2025-03-22 12:00,270.92,83.89,255.62,78.96,5.59,278765,1,11.603,0.302,4.793,0.116,6
하수처리장(C),충남,2025-03-21 12:00,248.76,157.82,361.26,56.87,7.77,266614,0.8,17.082,0.859,10.275,0.229,40
하수처리장(C),충남,2025-03-20 12:00,261.59,75.63,274.33,107.05,5.59,211591,1.3,17.279,1.253,7.403,0.102,28
하수처리장(C),충남,2025-03-19 12:00,319.72,166.14,216.8,71.51,4.98,185855,1.1,11.701,0.135,13.09,0.209,17
하수처리장(C),충남,2025-03-18 12:00,306.7,60.72,255.41,61.35,6.33,267671,0.9,15.006,0.7,7.368,0.133,6
하수처리장(C),충남,2025-03-17 12:00,250.34,99.55,213.5,53.48,7,275944,1,9.691,0.678,5.9,0.413,34
하수처리장(C),충남,2025-03-16 12:00,189.77,101.14,229.43,56.33,8.69,288721,1,18.639,1.1,5.003,0.354,33
하수처리장(C),충남,2025-03-15 12:00,258.91,159.47,286.12,61.51,6.19,244488,3.6,12.166,0.2,3.925,0.196,23
하수처리장(C),충남,2025-03-14 12:00,288.96,103.25,248.68,61.14,5.83,229977,1,16.157,0.7,9.398,0.483,18
하수처리장(C),충남,2025-03-13 12:00,287.72,70.02,265.21,67.1,4.49,243876,2.1,14.645,0.7,8.701,0.353,20
하수처리장(C),충남,2025-03-12 12:00,240.78,105.09,205.46,54.89,6.13,185358,1.1,14.423,0.8,5.299,0.272,11
하수처리장(C),충남,2025-03-11 12:00,235.99,59.96,334.37,86.86,5.85,227553,0.8,19.173,1.837,7.964,0.215,13
하수처리장(C),충남,2025-03-10 12:00,279.59,54.14,253.16,67.23,5.16,232362,1.7,11.746,1.45,5.578,0.085,27
하수처리장(C),충남,2025-03-09 12:00,289.2,78.51,209.85,64.07,3.93,260366,1.2,13.358,0.7,8.732,0.203,21
하수처리장(C),충남,2025-03-08 12:00,301.79,173.1,198.06,56.54,5.73,227555,1.2,13.277,1.394,6.722,0.164,24
하수처리장(C),충남,2025-03-07 12:00,292,161.2,211.11,70.77,6.84,198258,1.4,10.121,0.7,5.481,0.136,23
하수처리장(C),충남,2025-03-06 12:00,254.76,93.64,226.68,63.67,5.69,182593,1.6,19.036,0.7,9.77,0.491,19
하수처리장(C),충남,2025-03-05 12:00,227.76,79.72,291.52,56.27,5.17,329257,0.9,19.116,0.7,8.936,0.379,12
하수처리장(C),충남,2025-03-04 12:00,261.43,115.68,227.61,65.49,5.4,249073,1,15.568,0.7,11.317,0.121,4
하수처리장(C),충남,2025-03-03 12:00,292.36,69.32,395.3,88.08,6.17,256346,1.1,13.096,1.1,4.689,0.392,17
하수처리장(C),충남,2025-03-02 12:00,222.95,93.67,275.84,56.46,5.46,247765,0.9,16.644,0.7,8.902,0.203,13
하수처리장(C),충남,2025-03-01 12:00,222.45,104.57,235.56,68.59,6.87,252783,1.1,12.679,1.713,4.457,0.411,72
하수처리장(C),충남,2025-02-28 12:00,266.68,89.33,193.75,62.87,5.83,229446,1.6,10.463,0.7,9.938,0.221,14
하수처리장(C),충남,2025-02-27 12:00,247.98,90.97,278.55,70.17,6.49,177782,0.8,14.336,0.636,12.743,0.482,29
하수처리장(C),충남,2025-02-26 12:00,230.79,98.93,228.79,57.62,5.48,270261,1.4,14.133,0.289,8.71,0.275,37
하수처리장(C),충남,2025-02-25 12:00,259.7,86.73,244.63,75.93,6.57,213674,4,13.32,2.865,9.855,0.314,0
하수처리장(C),충남,2025-02-24 12:00,262.89,86.14,347.32,63.56,5.92,242935,1.6,15.776,1.5,16.766,0.178,77
하수처리장(C),충남,2025-02-23 12:00,233.41,113.83,239.4,70.3,7.27,241719,1.4,13.156,2.519,11.957,0.174,57
하수처리장(C),충남,2025-02-22 12:00,241.95,178.8,206.52,78.72,8.69,174141,1.7,12.198,1.238,10.434,0.429,47
하수처리장(C),충남,2025-02-21 12:00,220.6,85.62,203.84,75.92,8.41,272467,1.9,11.671,1.258,12.045,0.196,17
하수처리장(C),충남,2025-02-20 12:00,317.76,102.57,250.59,68.63,6.67,203026,1.4,16.96,1.055,11.577,0.244,0
하수처리장(C),충남,2025-02-19 12:00,278.77,61.2,218.29,60.18,5.85,232708,1.9,11.226,1.5,12.304,0.125,33
하수처리장(C),충남,2025-02-18 12:00,205.83,71.75,324.34,57.74,7.8,199253,0.9,11.921,0.55,10.785,0.239,11
하수처리장(C),충남,2025-02-17 12:00,285.23,52.84,266.32,78.03,5.44,208658,1.7,15.171,1.5,13.715,0.309,21
하수처리장(C),충남,2025-02-16 12:00,315.45,159.26,270.61,84.13,6.86,241457,1.5,13.555,0.7,15.203,0.217,106
하수처리장(C),충남,2025-02-15 12:00,221.56,70.36,202.46,93.02,4.97,159832,1.2,11.927,0.689,11.989,0.499,84
하수처리장(C),충남,2025-02-14 12:00,212.17,97.11,269.01,75.05,6.16,230366,0.9,15.565,0.7,11.864,0.511,30
하수처리장(C),충남,2025-02-13 12:00,279.49,84.6,397.17,90.04,6.01,207476,1.1,11.997,0.782,10.913,0.197,38
하수처리장(C),충남,2025-02-12 12:00,291.1,130.37,245.37,56.73,4.79,174757,1.4,13.97,0.636,10.111,0.234,57
하수처리장(C),충남,2025-02-11 12:00,270.19,128.54,303.22,93.69,8.18,227968,4.1,9.504,1.5,13.183,0.242,40
하수처리장(C),충남,2025-02-10 12:00,289.26,118.82,195.66,76.31,6.15,263755,1.1,16.5,0.648,6.852,0.342,84
하수처리장(C),충남,2025-02-09 12:00,267.04,109.8,199.12,72.13,6.96,190415,1.5,14.05,2.458,14.734,0.214,5
하수처리장(C),충남,2025-02-08 12:00,232.53,151.78,256.31,80.28,4.36,277128,0.7,14.588,0.5,10.564,0.13,33
하수처리장(C),충남,2025-02-07 12:00,310.14,105.95,209,63.69,6.98,216631,1.6,11.311,0.509,12.297,0.599,7
하수처리장(C),충남,2025-02-06 12:00,288.26,158.89,235.06,84.76,5.09,198103,1.6,12.027,1.5,11.989,0.244,31
하수처리장(C),충남,2025-02-05 12:00,264.9,117.63,185.54,65.31,7.28,236384,1.4,14.502,2.229,8.857,0.223,72
하수처리장(C),충남,2025-02-04 12:00,242.75,178.8,355.48,65.7,5.47,215866,2.4,12.798,1.082,11.231,0.739,12
하수처리장(C),충남,2025-02-03 12:00,312.52,85.66,365.66,88.2,5.95,203525,3.4,15.953,5.51,11.957,0.229,23
하수처리장(C),충남,2025-02-02 12:00,270.06,85.07,210.31,51.68,6.46,187807,1.5,16.82,0.963,13.223,0.13,2
하수처리장(C),충남,2025-02-01 12:00,326.67,58.5,210.07,55.5,4.34,212316,0.9,17.851,0.657,10.629,0.22,85
하수처리장(C),충남,2025-01-31 12:00,310.11,92.61,290.93,63.29,6.64,148340,2.4,12.392,0.7,12.191,0.362,26
하수처리장(C),충남,2025-01-30 12:00,268.68,147.01,226.92,77.75,5.05,184419,1.2,15.246,1.5,6.852,0.309,7
하수처리장(C),충남,2025-01-29 12:00,251.74,115.77,184.26,76.47,6.74,200593,2.5,12.258,0.026,17.034,0.264,7
하수처리장(C),충남,2025-01-28 12:00,284.36,92.02,307.79,65.74,4.51,225045,1.5,11.303,2.086,12.245,0.426,0
하수처리장(C),충남,2025-01-27 12:00,290.76,92.97,265.59,75.55,4.22,224139,1.5,12.699,1.5,12.249,0.283,8
하수처리장(C),충남,2025-01-26 12:00,256.14,101.47,340.19,51.24,6.38,185843,1.5,18.993,1.5,10.785,0.145,24
하수처리장(C),충남,2025-01-25 12:00,201.04,152.67,194.18,75.74,5.88,249321,1.5,12.479,0.974,12.249,0.145,35
하수처리장(C),충남,2025-01-24 12:00,308.41,134.52,328.48,72.54,4.09,181297,1.2,12.546,2.251,11.608,0.165,0
하수처리장(C),충남,2025-01-23 12:00,274.4,83.46,286.79,74.62,8.69,171940,1.1,11.329,5.788,12.269,0.602,22
하수처리장(C),충남,2025-01-22 12:00,252.81,83.96,257.27,67.57,6.41,220862,1.4,14.453,0.7,14.523,0.309,45
하수처리장(C),충남,2025-01-21 12:00,226.87,149.25,290.51,68.64,5.09,255039,1,13.007,0.7,11.838,0.423,30
하수처리장(C),충남,2025-01-20 12:00,269.96,178.8,209.28,68.78,4.54,228406,1.4,7.773,1.5,8.796,0.309,91
하수처리장(C),충남,2025-01-19 12:00,227.04,113.94,267.48,84.44,4.98,169860,0.9,17.952,0.746,15.131,0.176,52
하수처리장(C),충남,2025-01-18 12:00,282.82,78.35,311.38,74.58,6.78,239956,1.1,13.669,0.7,13.301,0.354,48
하수처리장(C),충남,2025-01-17 12:00,268.36,101.76,227.55,101.66,6.7,236861,1.4,10.858,1.5,12.594,0.223,7
하수처리장(C),충남,2025-01-16 12:00,311.71,55.64,261.82,61.59,6.85,309590,1.6,14.275,1.5,12.019,0.226,49
하수처리장(C),충남,2025-01-15 12:00,292.05,137.4,261.76,58.32,5.94,259027,1.6,17.898,0.937,12.761,0.368,17
하수처리장(C),충남,2025-01-14 12:00,229.55,114.81,215.89,89.46,6.48,193601,1.8,10.387,0.7,12.297,0.499,7
하수처리장(C),충남,2025-01-13 12:00,195.8,119.07,199.27,66.1,6.39,206343,2,11.829,1.747,15.224,0.301,8
하수처리장(C),충남,2025-01-12 12:00,257.44,122.62,254.92,85.91,6.23,227427,1.2,9.02,0.7,11.731,0.225,11
하수처리장(C),충남,2025-01-11 12:00,250.03,133.5,256.94,51.19,6.63,168258,1.5,14.588,0.7,14.523,0.283,19
하수처리장(C),충남,2025-01-10 12:00,304.83,97.21,230.06,70.06,5.23,135491,0.9,11.574,0.7,12.191,0.42,48
하수처리장(C),충남,2025-01-09 12:00,287.58,79.89,341.68,82.59,6.71,266849,1.9,12.086,1.363,10.628,0.144,0
하수처리장(C),충남,2025-01-08 12:00,307.82,124.19,258.94,87.31,5.01,257792,2.2,12.574,1.42,7.852,0.204,39
하수처리장(C),충남,2025-01-07 12:00,339.18,117.45,211.64,62.27,6.21,312939,3.5,14.106,0.7,16.573,0.296,3
하수처리장(C),충남,2025-01-06 12:00,326.14,120.96,290.21,66.12,5.03,276029,1.2,14.243,0.7,12.245,0.342,34
하수처리장(C),충남,2025-01-05 12:00,222.36,96.13,148.47,58.54,6.19,183095,3.3,13.034,0.926,9.631,0.198,15
하수처리장(C),충남,2025-01-04 12:00,277.27,79.89,235.6,59.71,5.28,203430,1.1,13.787,0.066,11.877,0.174,14
하수처리장(C),충남,2025-01-03 12:00,255.24,111.33,287.16,74.39,7.15,212682,1.7,15.246,1.139,12.594,0.368,30
하수처리장(C),충남,2025-01-02 12:00,257.31,76.17,232.73,70.89,5.26,329976,1.9,13.818,0.547,8.13,0.334,20
하수처리장(C),충남,2025-01-01 12:00,249.07,80.43,234.85,66.89,8.69,226883,0.9,16.19,1.5,8.191,0.432,32
하수처리장(C),충남,2024-12-31 12:00,249.23,131.62,243.44,69.54,6.97,176405,2.3,12.798,1.596,9.059,0.334,17
하수처리장(C),충남,2024-12-30 12:00,290.3,90.78,269.48,64.42,6.4,289081,1.3,11.567,0.889,16.573,0.662,20
하수처리장(C),충남,2024-12-29 12:00,252.62,104.25,196.2,85.37,7.38,189237,2.9,15.702,0.7,11.475,0.229,11
하수처리장(C),충남,2024-12-28 12:00,257.59,147.96,187.37,58.93,5.7,298909,1.1,15.572,2.455,12.435,0.229,12
하수처리장(C),충남,2024-12-27 12:00,210.35,126.19,327.24,82.73,7.51,269416,0.9,9.586,0.7,6.431,0.221,0
하수처리장(C),충남,2024-12-26 12:00,236.68,74.38,259.01,71.06,6.19,291771,0.9,13.528,0.7,13.554,0.624,8
하수처리장(C),충남,2024-12-25 12:00,269.76,115.35,276.34,76.32,8.69,355869,3.6,16.64,2.521,9.289,0.197,13
하수처리장(C),충남,2024-12-24 12:00,364.48,82.23,389.06,81.65,6.57,197237,1.9,12.109,0.713,11.95,0.263,22
하수처리장(C),충남,2024-12-23 12:00,284.8,103.53,204.05,92.6,5.83,215931,1.1,14.943,2.188,14.928,0.325,12
하수처리장(C),충남,2024-12-22 12:00,240.21,91.95,330.71,59.96,5.82,212886,2.8,17.638,1.965,13.507,0.264,13
하수처리장(C),충남,2024-12-21 12:00,253.79,78.52,251.4,56.97,6.87,204118,4.1,15.783,0.343,13.626,0.354,9
하수처리장(C),충남,2024-12-20 12:00,235,54.39,193.13,69.41,5.45,254991,1.5,14.189,0.734,11.169,0.209,49
하수처리장(C),충남,2024-12-19 12:00,290.58,94.36,176.59,70.91,7.49,211319,1.4,13.97,0.7,11.989,0.364,17
하수처리장(C),충남,2024-12-18 12:00,220.51,82.67,247.98,84.31,6.12,212002,1.6,14.13,0.7,9.855,0.285,22
하수처리장(C),충남,2024-12-17 12:00,302.97,108.18,288.36,88.6,7.72,250314,1.6,15.916,1.5,13.626,0.244,36
하수처리장(C),충남,2024-12-16 12:00,242.52,130.41,245.54,73.81,6.96,158320,1.5,15.565,0.712,13.301,0.22,11
하수처리장(C),충남,2024-12-15 12:00,271.86,63.48,348.04,105.52,7.71,217762,2.4,17.129,0.7,11.877,0.624,107
하수처리장(C),충남,2024-12-14 12:00,320.72,86.68,306.45,67.74,6,176521,0.9,11.751,3.561,12.304,0.814,17
하수처리장(C),충남,2024-12-13 12:00,345.15,63.67,245.53,82.52,6.02,212757,1.1,14.345,1.281,8.549,0.418,30
하수처리장(C),충남,2024-12-12 12:00,245.88,146.48,206.9,71.93,5.04,209863,1.2,14.08,4.27,2.461,0.264,9
하수처리장(C),충남,2024-12-11 12:00,278.29,109.13,264.6,79.52,4.82,284547,4,12.689,1.449,9.601,0.602,13
하수처리장(C),충남,2024-12-10 12:00,315.27,109,326.64,76.99,5.13,294569,1.8,13.934,2.167,12.15,0.123,6
하수처리장(C),충남,2024-12-09 12:00,276.66,178.8,388.64,82.02,6.07,132356,1.6,11.791,0.488,11.381,0.483,13
하수처리장(C),충남,2024-12-08 12:00,300.84,138.23,286.9,52.31,5.44,251440,1.8,13.845,1.5,12.557,0.169,107
하수처리장(C),충남,2024-12-07 12:00,253.83,77.47,213.81,56.96,4.68,247567,1.4,13.733,0.7,13.114,0.23,19
하수처리장(C),충남,2024-12-06 12:00,339.33,88.55,207.35,58.72,5.37,291614,2.3,12.151,0.7,9.289,0.217,16
하수처리장(C),충남,2024-12-05 12:00,310.46,62.47,286.58,88.71,6.2,218273,1.6,12.571,1.5,8.321,0.092,21
하수처리장(C),충남,2024-12-04 12:00,206.3,144.78,229.85,54.52,4.64,194375,2.5,14.216,0.7,10.615,0.193,8
하수처리장(C),충남,2024-12-03 12:00,270.4,74.96,238.95,59.28,8.69,210657,1.4,12.109,0.643,12.594,0.426,33
하수처리장(C),충남,2024-12-02 12:00,217.64,111.21,227.65,76,7.34,201751,2.9,19.242,4.776,10.847,0.13,56
하수처리장(C),충남,2024-12-01 12:00,254.88,106.77,250.04,75.96,7.39,273507,2.1,11.758,1.5,14.523,0.193,11
하수처리장(C),충남,2024-11-30 12:00,263.43,167.14,201.64,72.74,7.7,253689,1,13.738,0.7,9.795,0.56,30
하수처리장(C),충남,2024-11-29 12:00,229.33,82.41,257.64,42.5,4.84,245890,1,13.379,0.6,9.336,0.558,0
하수처리장(C),충남,2024-11-28 12:00,263.73,178.8,245.07,55.28,6.85,248289,1,12.275,0.5,9.507,0.218,10
하수처리장(C),충남,2024-11-27 12:00,184.33,78.94,169.12,61.95,7.08,164307,2.1,5.79,0.126,12.4,0.39,60
하수처리장(C),충남,2024-11-26 12:00,263.59,73.67,217.22,102.37,4.94,178446,1.2,9.496,0.927,9.109,0.265,5
하수처리장(C),충남,2024-11-25 12:00,379.8,52.3,229.62,60.54,8.56,215973,1.4,8.95,0.2,8.667,0.418,10
하수처리장(C),충남,2024-11-24 12:00,238.41,43,312.61,75.29,5.73,199509,0.9,13.448,0.52,10.377,0.228,23
하수처리장(C),충남,2024-11-23 12:00,238.77,113.9,280.4,53.39,4.97,183166,0.9,7.367,1.289,10.113,0.206,2
하수처리장(C),충남,2024-11-22 12:00,275.08,83.88,223.45,77.19,4.83,256556,1.8,12.152,1.017,14.755,0.587,83
하수처리장(C),충남,2024-11-21 12:00,217.83,82.58,208.03,59.37,7.84,246565,0.4,15.796,1.1,9.514,0.781,44
하수처리장(C),충남,2024-11-20 12:00,196.09,56.84,213.95,59.48,6.28,233358,0.9,14.47,0.7,13.214,0.44,4
하수처리장(C),충남,2024-11-19 12:00,260.39,170.5,267.12,82.84,6.02,237104,1.1,10.885,0.8,8.225,0.297,83
하수처리장(C),충남,2024-11-18 12:00,258.77,61.25,249.45,62.7,7.38,202845,0.8,0,0.606,12.62,0.514,5
하수처리장(C),충남,2024-11-17 12:00,324.47,53.87,261.96,76.96,6.34,264030,0.9,10.632,0.711,9.588,0.418,26
하수처리장(C),충남,2024-11-16 12:00,270.49,125.94,216.75,65.56,5.57,204203,1.4,10.582,0.852,9.369,0.286,50
하수처리장(C),충남,2024-11-15 12:00,261.97,148.74,203.69,74.28,4.59,197662,1,14.327,0.6,12.624,0.286,6
하수처리장(C),충남,2024-11-14 12:00,273.19,71.13,281.11,66.4,4.98,278037,0.8,16.361,0.6,9.842,0.254,6
하수처리장(C),충남,2024-11-13 12:00,262.76,173.81,263.83,63.53,8.08,224617,1.8,14.196,1.177,9.863,0.2,11
하수처리장(C),충남,2024-11-12 12:00,249.35,56.63,153.89,74.21,5.19,230467,1,0,0.6,9.516,0.515,46
하수처리장(C),충남,2024-11-11 12:00,240.39,68.11,254.14,82.18,4.31,284051,1.9,12.139,0.6,9.486,0.263,2
하수처리장(C),충남,2024-11-10 12:00,191.38,166.7,239.31,51.6,5.62,303109,1.3,15.694,0.959,11.356,0.258,25
하수처리장(C),충남,2024-11-09 12:00,317.31,85.99,285.86,46.26,8.69,222126,1,14.993,0.592,7.773,0.473,1
하수처리장(C),충남,2024-11-08 12:00,240.45,116.3,197.67,52.86,7.6,189022,1.8,0,0.109,8.152,0.228,30
하수처리장(C),충남,2024-11-07 12:00,248.27,164.65,237.69,53.92,8.57,225357,0.8,10.847,0.8,9.507,0.189,16
하수처리장(C),충남,2024-11-06 12:00,241.64,150.06,226.96,67.01,8.69,228231,1,9.153,0.7,12.624,0.225,13
하수처리장(C),충남,2024-11-05 12:00,271.24,143.2,312.43,51.38,5.6,213590,1.3,11.887,0.139,7.873,0.825,83
하수처리장(C),충남,2024-11-04 12:00,267.4,81.29,236.7,59.17,5.93,190498,1.2,10.536,0.8,11.509,0.263,3
하수처리장(C),충남,2024-11-03 12:00,379.8,108.86,244.16,55.31,5.67,195174,0.8,12.871,0.2,8.291,0.31,5
하수처리장(C),충남,2024-11-02 12:00,297.23,117.52,250.89,65.19,5.69,188391,1.2,0,0.159,12.987,0.435,33
하수처리장(C),충남,2024-11-01 12:00,257.49,106.44,277.61,34.04,5.44,230862,2.1,15.796,0.459,11.405,0.36,32
하수처리장(C),충남,2024-10-31 12:00,263.17,152.65,248.66,63.98,8.34,191851,0.8,9.413,0.6,10.403,0.473,20
하수처리장(C),충남,2024-10-30 12:00,220.61,123.25,166.61,66.55,5.85,198316,0.8,0,0.309,8.291,0.295,12
하수처리장(C),충남,2024-10-29 12:00,242.25,99.89,203.49,79.62,6.27,202373,1.5,11.188,0.6,10.544,0.186,6
하수처리장(C),충남,2024-10-28 12:00,280.04,124.21,327.51,51.34,5.56,227146,0.9,13.541,0.6,9.486,0.189,13
하수처리장(C),충남,2024-10-27 12:00,245.98,171.39,221.35,62.79,8.17,226014,0.9,0,0.771,11.312,0.395,41
하수처리장(C),충남,2024-10-26 12:00,318.23,90.13,286.56,76.93,7.09,281764,1.9,13.979,0.684,10.544,0.224,56
하수처리장(C),충남,2024-10-25 12:00,185.67,126.07,225.04,76.7,6.52,202656,1.1,8.369,1.275,11.405,0.395,8
하수처리장(C),충남,2024-10-24 12:00,300.9,52.06,160.59,59.84,6.04,256821,1,12.496,0.827,10.403,0.311,28
하수처리장(C),충남,2024-10-23 12:00,256.93,136.27,219.68,67.3,4.45,255491,1.2,17.534,0.8,13.109,0.387,5
하수처리장(C),충남,2024-10-22 12:00,231.98,85.27,347.61,68.81,6.07,219271,0.6,0,0.751,9.795,0.323,83
하수처리장(C),충남,2024-10-21 12:00,223.63,91.1,228.78,66.66,7.54,343884,0.9,8.705,0.126,7.773,0.338,7
하수처리장(C),충남,2024-10-20 12:00,257.92,92.28,242.27,65.55,6.35,244923,1.2,0,1.015,9.447,0.208,3
하수처리장(C),충남,2024-10-19 12:00,245.28,95.18,160.4,63.65,7.62,235590,1.1,0,0.2,15.058,0.338,2
하수처리장(C),충남,2024-10-18 12:00,233.43,178.8,336.42,55.77,6.66,231872,1.6,13.844,0.482,12.4,0.258,3
하수처리장(C),충남,2024-10-17 12:00,298.62,169.52,200.34,68.41,6.2,164956,1.2,13.082,0.6,9.795,0.395,8
하수처리장(C),충남,2024-10-16 12:00,234.24,48.32,198.01,46.81,8.69,258051,1.4,3.951,0.6,11.356,0.432,6
하수처리장(C),충남,2024-10-15 12:00,310.16,127.32,280.73,53.38,5.59,316389,0.9,0,0.6,10.646,0.52,10
하수처리장(C),충남,2024-10-14 12:00,256.68,120.06,277.32,64.84,6.58,164866,1.4,8.295,0.6,8.667,0.389,25
하수처리장(C),충남,2024-10-13 12:00,237.51,91.31,276.2,62.24,4.73,177312,1.1,0,1.246,12.987,0.121,17
하수처리장(C),충남,2024-10-12 12:00,229.25,96.08,342.86,94.77,5.57,270065,0.9,0,0.126,9.514,0.157,19
하수처리장(C),충남,2024-10-11 12:00,326.35,73.16,250.39,83.55,8.69,314579,0.9,10.349,0.8,10.552,0.567,0
하수처리장(C),충남,2024-10-10 12:00,242.84,141.53,314.83,58.18,5.19,218371,1.1,10.638,0.7,8.769,0.157,24
하수처리장(C),충남,2024-10-09 12:00,311.7,88.26,207.13,70.56,5.35,237628,0.9,9.203,0.6,8.892,0.39,40
하수처리장(C),충남,2024-10-08 12:00,231.97,47.46,309.36,54.65,5.75,197965,1.6,0,0.526,11.841,0.391,2
하수처리장(C),충남,2024-10-07 12:00,246.59,61.03,241.17,79.76,4.73,249672,0.8,11.073,1.473,11.356,0.263,14
하수처리장(C),충남,2024-10-06 12:00,376.14,116.77,337.45,63.48,8.69,223054,1,0,0.5,9.863,0.262,0
하수처리장(C),충남,2024-10-05 12:00,238.5,178.8,274.55,74.86,4.44,203411,1.3,13.738,0.52,9.11,0.56,65
하수처리장(C),충남,2024-10-04 12:00,268.36,67.12,221.99,85.56,4.25,210776,1.8,12.453,0.6,8.335,0.838,22
하수처리장(C),충남,2024-10-03 12:00,326.39,69.68,327.11,73.83,6.11,234713,0.9,11.4,0.7,11.405,0.626,30
하수처리장(C),충남,2024-10-02 12:00,316.34,100.71,249.37,58.69,8.31,205841,1.3,0,1.464,8.27,0.208,5
하수처리장(C),충남,2024-10-01 12:00,228.97,171.59,361.88,61.28,5.66,170755,1.2,9.447,0.8,8.51,0.263,7
하수처리장(C),충남,2024-09-30 12:00,245.33,92.9,355.31,83.99,4.35,215212,0.7,11.296,0.657,9.447,0.228,10
하수처리장(C),충남,2024-09-29 12:00,224.85,118.93,269.48,65.63,4.39,258123,1.1,10.015,0.7,9.258,0.432,3
하수처리장(C),충남,2024-09-28 12:00,226.09,121.92,318.45,70.28,7.52,354681,1.3,0.831,0.874,9.447,0.462,14
하수처리장(C),충남,2024-09-27 12:00,270.52,76.96,329.34,57.29,7.56,210031,1,0,0.6,17.302,0.265,44
하수처리장(C),충남,2024-09-26 12:00,247.91,86.61,233.74,48.99,6.63,271240,1,14.202,0.8,12.563,0.233,83
하수처리장(C),충남,2024-09-25 12:00,189.37,99.7,258.34,107.5,6.16,199276,0.8,17.561,0.2,11.405,0.258,33
하수처리장(C),충남,2024-09-24 12:00,250.17,154.99,222.29,73,8.3,163180,0.8,11.378,0.293,11.356,0.225,12
하수처리장(C),충남,2024-09-23 12:00,225.24,72.54,191.81,74.98,6,178051,1,0,0.885,13.895,0.435,5
하수처리장(C),충남,2024-09-22 12:00,298.08,105.16,251.54,64.24,8.27,185858,1.9,10.118,0.6,10.646,0.22,2
하수처리장(C),충남,2024-09-21 12:00,258.06,130.84,238.52,55.58,5.19,241916,0.9,12.735,1.475,10.646,0.499,24
하수처리장(C),충남,2024-09-20 12:00,284.25,96.8,249.88,43.31,6.9,256626,1,0,0.6,9.514,0.208,3
하수처리장(C),충남,2024-09-19 12:00,258.2,127.13,300.27,72.02,7.27,226831,1,9.039,0.6,8.892,0.432,17
하수처리장(C),충남,2024-09-18 12:00,302.51,145.41,212.01,67.05,6.44,205344,1.1,0,0.5,12.62,0.295,2
하수처리장(C),충남,2024-09-17 12:00,285.57,65.25,280.22,52.84,8.69,244582,0.8,12.735,1.393,9.045,0.912,9
하수처리장(C),충남,2024-09-16 12:00,224.07,157.08,270.64,69.48,7.21,231895,1.4,0,0.7,8.152,0.558,0
하수처리장(C),충남,2024-09-15 12:00,326.8,127.29,163.3,45.38,4.51,195712,1.5,14.202,0.999,9.795,0.514,43
하수처리장(C),충남,2024-09-14 12:00,227.21,125.6,398.16,48.77,5.73,261125,0.6,0,0.767,7.773,0.396,83
하수처리장(C),충남,2024-09-13 12:00,308.85,110.38,268.81,64.99,7.51,212429,1.1,15.399,0.8,12.987,0.419,0
하수처리장(C),충남,2024-09-12 12:00,256.84,69.75,266.35,68.16,6.67,168251,1,9.981,0.8,9.588,0.265,12
하수처리장(C),충남,2024-09-11 12:00,291.02,83.66,245.54,93.62,4.31,155310,0.6,9.981,0.6,11.841,0.296,17
하수처리장(C),충남,2024-09-10 12:00,308.39,135.39,270.7,68.48,4.7,275908,0.9,0,0.55,12.563,0.22,83
하수처리장(C),충남,2024-09-09 12:00,220.28,61.11,258.95,47.32,4.85,183784,1,9.039,0.996,8.769,0.253,1
하수처리장(C),충남,2024-09-08 12:00,233.64,96.43,231.96,61.42,6.95,166754,1.2,12.168,0.5,11.182,0.396,83
하수처리장(C),충남,2024-09-07 12:00,379.8,134.13,225.55,85.64,7.59,230978,1.5,7.898,0.2,9.795,0.368,34
하수처리장(C),충남,2024-09-06 12:00,277.36,77.95,241.7,73.07,6.79,209723,0.7,12.764,0.6,9.516,0.558,17
하수처리장(C),충남,2024-09-05 12:00,251.05,48.57,293.51,96.75,5.35,308403,1.2,0,0.5,14.755,0.312,15
하수처리장(C),충남,2024-09-04 12:00,313.53,75.31,202.46,71.61,5.55,210318,0.9,9.413,0.7,10.059,0.375,56
하수처리장(C),충남,2024-09-03 12:00,261.54,51.17,177.39,52.52,7.34,216492,1.1,11.035,0.8,12.737,0.378,83
하수처리장(C),충남,2024-09-02 12:00,257.7,79.3,257.93,86.01,8.35,169776,0.9,0,1.285,9.507,0.435,8
하수처리장(C),충남,2024-09-01 12:00,207.41,58.78,162.49,66.24,6.63,257178,1.7,0,0.6,9.486,0.462,32
하수처리장(C),충남,2024-08-31 12:00,262.54,119.53,192.18,64.12,5.79,188599,0.9,11.599,1.955,11.082,0.249,1
하수처리장(C),충남,2024-08-30 12:00,310.81,112.25,190.18,52.97,6.78,189465,1,11.042,0.1,9.046,0.392,15
하수처리장(C),충남,2024-08-29 12:00,207.68,99,244.71,77.82,7.1,178634,1.1,8.323,1.965,6.458,0.3,11
하수처리장(C),충남,2024-08-28 12:00,243.4,167.08,306.9,48.48,8.69,277187,0.6,11.459,0.1,7.349,0.321,23
하수처리장(C),충남,2024-08-27 12:00,234.2,83.87,179.12,66.31,7.11,251442,0.8,12.395,0.775,9.862,0.316,2
하수처리장(C),충남,2024-08-26 12:00,233.55,111.49,305.76,70.98,7.39,184590,1.6,10.461,6.147,6.106,0.313,6
하수처리장(C),충남,2024-08-25 12:00,256.47,94.3,215.14,59.63,5.41,203152,0.9,10.651,0.272,5.623,0.261,7
하수처리장(C),충남,2024-08-24 12:00,257.08,45.24,262.02,84.49,6.57,210204,1,16.815,2.021,9.862,0.445,7
하수처리장(C),충남,2024-08-23 12:00,305.1,93.45,221.41,70.31,5.94,219021,1.1,11.114,0.333,2.819,0.454,5
하수처리장(C),충남,2024-08-22 12:00,210.57,173.98,160.61,56.35,5.2,282554,1.3,10.476,1.369,11.075,0.392,13
하수처리장(C),충남,2024-08-21 12:00,201.25,141.39,372.37,60.92,7.63,191810,1.1,11.247,0.1,8.966,0.498,3
하수처리장(C),충남,2024-08-20 12:00,198.83,115.24,244.65,62.78,7.65,170383,0.8,9.514,0.1,7.468,0.247,4
하수처리장(C),충남,2024-08-19 12:00,285.75,95.55,286.24,66.63,6.63,246509,1.2,12.665,0.1,10.797,0.221,14
하수처리장(C),충남,2024-08-18 12:00,265.58,103.97,158.9,62.94,5.36,311275,2,10.848,0.862,6.379,0.197,24
하수처리장(C),충남,2024-08-17 12:00,228.19,98.96,298.07,57.41,6.15,273615,1,6.161,2.399,8.424,0.498,6
하수처리장(C),충남,2024-08-16 12:00,273.94,76.35,218.54,62.02,4.66,221280,1.3,10.587,0.1,5.883,0.324,7
하수처리장(C),충남,2024-08-15 12:00,216.1,48.23,187.2,67.79,8.69,205846,1,9.169,3.741,6.86,0.613,3
하수처리장(C),충남,2024-08-14 12:00,283.69,133.74,233.02,69.44,5.89,254364,0.8,11.256,0.112,4.217,0.328,0
하수처리장(C),충남,2024-08-13 12:00,274.9,93.82,203.15,52.31,7.8,290410,1.1,15.281,0.437,5.104,0.215,3
하수처리장(C),충남,2024-08-12 12:00,303.03,61.23,180.29,38.01,6.07,244700,0.5,9.655,0.1,8.743,0.193,35
하수처리장(C),충남,2024-08-11 12:00,277.19,70.75,269.4,67.35,7.07,220661,1.1,8.975,0.475,6.052,0.561,26
하수처리장(C),충남,2024-08-10 12:00,250.08,79.15,173.44,96.45,6.42,300764,0.9,13.782,0.385,8.786,0.264,4
하수처리장(C),충남,2024-08-09 12:00,267.12,123.1,239.98,82.93,5.8,199678,1,10.5,0.446,8.172,0.405,28
하수처리장(C),충남,2024-08-08 12:00,276.96,116.88,155.66,93.73,7.44,217696,0.9,8.738,0.1,3.681,0.313,6
하수처리장(C),충남,2024-08-07 12:00,242.7,56.78,218.58,67.04,4.17,162449,1,10.875,1.648,7.298,0.272,26
하수처리장(C),충남,2024-08-06 12:00,223.46,146.84,255.4,58.37,6.27,166948,1.5,9.119,0.622,6.679,0.532,85
하수처리장(C),충남,2024-08-05 12:00,218.44,62.32,244.04,81.61,7.13,317244,1.3,10.164,0.122,5.559,0.217,23
하수처리장(C),충남,2024-08-04 12:00,296.91,90.88,314.2,97.41,8.03,290352,1,11.587,1.742,6.486,0.221,10
하수처리장(C),충남,2024-08-03 12:00,247.45,85.99,218.57,67.13,7.14,215436,1.5,10.712,0.169,11.075,0.354,26
하수처리장(C),충남,2024-08-02 12:00,267.94,64.24,237.88,70.11,5.28,250198,1.5,10.296,1.188,5.279,0.29,21
하수처리장(C),충남,2024-08-01 12:00,293.53,126.94,325.47,57.48,5.29,164798,1.3,16.865,0.089,6.486,0.304,2
하수처리장(C),충남,2024-07-31 12:00,326.3,67.34,211.55,68.38,5.29,223939,0.8,10.918,0.1,4.377,0.392,79
하수처리장(C),충남,2024-07-30 12:00,285.72,79.81,238.04,58.02,6.34,241617,1.1,9.767,0.1,8.024,0.313,5
하수처리장(C),충남,2024-07-29 12:00,278.38,109.83,187.05,54.28,7.56,221589,0.7,11.487,0.1,13.416,0.32,4
하수처리장(C),충남,2024-07-28 12:00,173.9,78.36,254.42,58.14,6.45,199473,0.8,12.05,1.755,6.999,0.315,81
하수처리장(C),충남,2024-07-27 12:00,312.45,104.91,250.77,68.33,5.22,236692,1.2,9.742,0.1,6.458,0.27,14
하수처리장(C),충남,2024-07-26 12:00,330.85,139.41,243.16,51.86,6.1,258957,0.9,8.792,0.041,6.052,0.324,8
하수처리장(C),충남,2024-07-25 12:00,250.64,125.39,365.27,54.54,6.03,163277,1.1,10.213,0.141,6.513,0.454,32
하수처리장(C),충남,2024-07-24 12:00,263.38,132.89,258.82,62.87,7.51,237410,0.9,9.875,1.947,5.104,0.432,1
하수처리장(C),충남,2024-07-23 12:00,251.87,62.52,205.16,53.76,4.95,200424,1.2,10.914,0.1,5.364,0.235,6
하수처리장(C),충남,2024-07-22 12:00,269.43,62.27,300.94,63.75,6.1,244656,1.1,12.493,0.145,4.814,0.257,2
하수처리장(C),충남,2024-07-21 12:00,232.16,97.9,253.35,53.64,6.53,210841,1.5,10.96,0.258,6.106,0.532,8
하수처리장(C),충남,2024-07-20 12:00,253.43,71.32,422,55.57,5.41,275374,1.5,9.678,1.827,4.217,0.352,5
하수처리장(C),충남,2024-07-19 12:00,261.78,79.92,235.54,87.13,4.13,232428,1.2,9.715,0.1,6.145,0.245,6
하수처리장(C),충남,2024-07-18 12:00,323.47,155.56,171.15,64.97,4.3,183562,1.3,11.05,0.467,5.745,0.324,3
하수처리장(C),충남,2024-07-17 12:00,277.11,139.86,416.4,64.63,6.45,288484,1.3,12.14,0.1,6.357,0.264,9
하수처리장(C),충남,2024-07-16 12:00,251.1,85.17,212.22,62.83,4.62,292055,1.5,12.946,0.4,6.351,0.452,16
하수처리장(C),충남,2024-07-15 12:00,285,99.3,261.41,67.43,4.78,221353,1,11.126,0.188,8.405,0.26,14
하수처리장(C),충남,2024-07-14 12:00,216.84,103.07,227.22,79.19,5.58,221239,1.7,14.239,0.1,6.513,0.524,16
하수처리장(C),충남,2024-07-13 12:00,264.06,140.38,254.59,51.88,5.13,277301,0.9,10.459,1.931,7.571,0.27,1
하수처리장(C),충남,2024-07-12 12:00,259.24,86.51,207.42,91.8,5.78,224842,1.1,13.979,0.667,5.745,0.318,8
하수처리장(C),충남,2024-07-11 12:00,264.32,128.47,261.1,72.63,5.57,313733,0.9,9.056,0.503,6.513,0.282,15
하수처리장(C),충남,2024-07-10 12:00,237.33,134.92,321.68,66.46,8.18,255617,1.4,10.358,0.564,5.332,0.215,25
하수처리장(C),충남,2024-07-09 12:00,239.11,103.78,252.42,65.67,7.77,234480,1.1,12.483,0.446,6.145,0.304,35
하수처리장(C),충남,2024-07-08 12:00,296.66,105.29,314.17,87.04,7.76,212261,0.6,10.619,1.987,6.984,0.314,6
하수처리장(C),충남,2024-07-07 12:00,283.29,114.68,240.41,62.78,6.66,272200,1.9,6.284,0.678,6.107,0.366,12
하수처리장(C),충남,2024-07-06 12:00,183.32,72.99,271.42,73.91,5.6,197259,2.4,15.73,0.457,7.083,0.211,5
하수처리장(C),충남,2024-07-05 12:00,235.05,178.8,223.63,80.98,6.61,370810,0.9,10.158,0.058,8.424,0.613,5
하수처리장(C),충남,2024-07-04 12:00,212.3,57.84,237.46,79.81,6.88,219498,1,10.804,2.292,7.468,0.324,19
하수처리장(C),충남,2024-07-03 12:00,221.18,96.18,385.86,104.08,4.79,241015,1.4,9.767,0.587,5.867,0.228,7
하수처리장(C),충남,2024-07-02 12:00,280.98,82.99,224.43,79.88,7.88,191740,1,10.994,0.49,6.342,0.275,2
하수처리장(C),충남,2024-07-01 12:00,335.8,99.02,148.15,91.25,8.4,195149,0.9,10.211,0.393,4.493,0.219,13
하수처리장(C),충남,2024-06-30 12:00,260.43,118.76,258,85.43,6.15,193329,1.2,10.886,0.1,6.51,0.232,15
하수처리장(C),충남,2024-06-29 12:00,266.41,113.8,371.45,68.61,7.08,248153,0.7,9.44,0.1,9.188,0.334,2
하수처리장(C),충남,2024-06-28 12:00,253.57,112.22,191.2,50.55,5.36,247230,1,10.221,0.503,6.981,0.294,2
하수처리장(C),충남,2024-06-27 12:00,287.05,68.85,295.12,68.91,5.26,211637,1.3,12.15,0.495,6.329,0.207,7
하수처리장(C),충남,2024-06-26 12:00,230.18,96.39,230.49,77.46,5.91,188600,1,10.009,0.495,2.86,0.315,10
하수처리장(C),충남,2024-06-25 12:00,214.61,132.58,270.58,61.36,5.87,251119,1.2,11.59,0.169,6.568,0.395,0
하수처리장(C),충남,2024-06-24 12:00,368.29,76.97,229.86,68.87,5.66,223648,1.3,8.801,0.02,6.357,0.249,23
하수처리장(C),충남,2024-06-23 12:00,268.03,115.84,281.85,55.84,8.69,126257,1.3,15.768,0.038,5.623,0.319,4
하수처리장(C),충남,2024-06-22 12:00,261,118.83,237.05,62.58,8,266958,0.7,10.55,2.783,4.783,0.318,24
하수처리장(C),충남,2024-06-21 12:00,240.64,140.91,199.55,59.73,8.14,195296,0.9,9.882,2.171,5.571,0.369,5
하수처리장(C),충남,2024-06-20 12:00,257.27,60.72,220.18,55.46,7.96,250095,1,12.155,0.1,5.279,0.333,4
하수처리장(C),충남,2024-06-19 12:00,284.11,93,277.45,68,6.71,197036,1.8,9.805,0.123,7.468,0.508,0
하수처리장(C),충남,2024-06-18 12:00,324.32,63.99,220.03,53.24,7.97,210676,1.2,14.538,0.1,8.597,0.228,5
하수처리장(C),충남,2024-06-17 12:00,298.58,99.59,213.67,68.6,5.78,180740,0.8,12.006,1.836,6.145,0.314,0
하수처리장(C),충남,2024-06-16 12:00,229.47,178.8,270.06,76.89,4.92,240493,1.4,11.068,0.023,8.975,0.249,5
하수처리장(C),충남,2024-06-15 12:00,224.33,104.17,222.06,55.94,5.61,266787,1.1,13.834,2.073,6.636,0.441,3
하수처리장(C),충남,2024-06-14 12:00,212.48,100.58,263.17,78.3,3.97,193430,0.5,14.301,0.1,8.322,0.452,5
하수처리장(C),충남,2024-06-13 12:00,330.77,90.49,302.05,86.65,5.54,199162,1,10.987,0.1,14.673,0.232,9
하수처리장(C),충남,2024-06-12 12:00,193.42,81.58,204.25,66.59,7.14,140598,1.1,11.75,0.4,11.075,0.207,5
하수처리장(C),충남,2024-06-11 12:00,228.69,119.91,277.35,76.7,5.65,183034,1.1,11.066,0.4,6.486,0.249,6
하수처리장(C),충남,2024-06-10 12:00,267.37,62.48,219.39,69.59,3.86,206972,0.9,11.119,0.1,8.284,0.473,7
하수처리장(C),충남,2024-06-09 12:00,238.75,94.23,187.68,71.02,5.19,253778,0.9,10.039,0.667,7.298,0.27,69
하수처리장(C),충남,2024-06-08 12:00,245.37,89.07,176.48,71.84,5.96,253586,0.9,11.169,0.679,6.51,0.215,18
하수처리장(C),충남,2024-06-07 12:00,264.76,157.6,190.91,61.51,5.82,204745,0.8,12.679,0.13,6.087,0.195,4
하수처리장(C),충남,2024-06-06 12:00,243,114.68,303.34,94.76,8.26,293945,1.2,9.968,1.768,12.331,0.197,1
하수처리장(C),충남,2024-06-05 12:00,264.2,111.48,266.55,73.82,5.8,259007,1.3,11.195,0.1,4.344,0.335,25
하수처리장(C),충남,2024-06-04 12:00,232.94,178.8,260.73,68.27,7.59,184889,1.8,7.414,0.4,5.623,0.276,23
하수처리장(C),충남,2024-06-03 12:00,269.34,178.8,155.96,78.24,6.56,242102,0.9,15.729,1.29,4.344,0.508,21
하수처리장(C),충남,2024-06-02 12:00,221.2,67.82,267.16,62.11,4.86,228303,1.2,13.605,0.102,7.388,0.366,4
하수처리장(C),충남,2024-06-01 12:00,207.53,92.99,383.14,61.13,7.11,160860,1.1,10.598,0.1,6.329,0.318,16
하수처리장(C),충남,2024-05-31 12:00,253.58,109.8,249.51,55.46,7.56,217597,1,17.005,0.9,8.132,0.633,60
하수처리장(C),충남,2024-05-30 12:00,220.09,72.69,340.19,84.49,4.68,175447,1.3,12.379,0.706,10.72,0,32
하수처리장(C),충남,2024-05-29 12:00,208.95,135.35,311.35,68.66,6.31,196974,1.4,17.635,1.485,13.392,0.233,9
하수처리장(C),충남,2024-05-28 12:00,235.96,121.15,240.6,56.08,8.2,194647,1.8,10.64,1.1,7.428,0.526,50
하수처리장(C),충남,2024-05-27 12:00,248.77,112.96,289.26,66.04,6.46,212232,1.2,14.79,0.965,7.684,0.321,9
하수처리장(C),충남,2024-05-26 12:00,254.31,72.67,232.59,59.7,6.09,212133,1.1,13.776,0.25,3.551,0.379,11
하수처리장(C),충남,2024-05-25 12:00,300.54,81.13,327.06,60.72,6.15,199647,1.2,11.706,0.672,5.9,0.37,8
하수처리장(C),충남,2024-05-24 12:00,231.29,109.24,267.96,71.79,4.59,257735,2,12.114,0.977,7.368,0.117,70
하수처리장(C),충남,2024-05-23 12:00,223.16,72.7,214.8,99.55,6.86,189124,1.3,18.837,0.8,9.028,0.133,18
하수처리장(C),충남,2024-05-22 12:00,233.28,111.94,221.48,77.76,5.6,212265,1,16.222,0.794,9.129,0.148,59
하수처리장(C),충남,2024-05-21 12:00,315,90.84,275.84,69.09,7.15,299836,1,12.879,1.458,8.818,0.21,13
하수처리장(C),충남,2024-05-20 12:00,295.72,140.97,205.25,67.05,7.94,248370,1.5,12.095,1.1,8.105,0.121,7
하수처리장(C),충남,2024-05-19 12:00,229.55,70.57,328.57,55.35,5.45,191892,1.1,13.851,0.7,13.392,0.618,29
하수처리장(C),충남,2024-05-18 12:00,242.59,101.37,278.46,80.3,7.39,286466,3.2,10.941,1.503,8.68,0.453,4
하수처리장(C),충남,2024-05-17 12:00,329.8,77.68,402.27,45.68,6.81,314116,3.6,19.254,1.1,8.129,0.282,18
하수처리장(C),충남,2024-05-16 12:00,228.44,178.8,331.39,43.8,7.32,197110,1.1,11.927,0.2,10.642,0.382,32
하수처리장(C),충남,2024-05-15 12:00,238.28,118.57,253.23,63.05,5.23,202740,1,11.556,0.2,9.284,0,66
하수처리장(C),충남,2024-05-14 12:00,237.12,112.03,240.55,59.41,8.69,232686,1.5,16.327,1.245,9.892,0.412,12
하수처리장(C),충남,2024-05-13 12:00,224.88,92.26,363,88.64,5.43,368859,1.3,16.265,0.7,6.919,0.227,25
하수처리장(C),충남,2024-05-12 12:00,245.53,160.42,240.26,69.33,8.27,274306,0.8,11.961,6.132,10.737,0.215,15
하수처리장(C),충남,2024-05-11 12:00,268.31,110.48,306.09,47.66,7.04,195221,1,11.791,0.98,5.917,0.233,35
하수처리장(C),충남,2024-05-10 12:00,377.9,165.38,189.5,65.59,4.93,269655,1,11.908,0.2,6.906,0.354,13
하수처리장(C),충남,2024-05-09 12:00,258.94,110.45,185.15,91.89,6.29,271377,1,11.381,0.7,7.721,0.123,15
하수처리장(C),충남,2024-05-08 12:00,208.69,96.51,247.04,53.89,5.95,291101,2.4,18.125,1.133,8.509,0.22,11
하수처리장(C),충남,2024-05-07 12:00,215.05,169.06,231.38,78.3,6.64,292627,2,15.299,0.16,7.368,0.228,52
하수처리장(C),충남,2024-05-06 12:00,228.94,121.56,291.17,72.68,6.12,368878,2.5,18.853,1.085,6.629,0.193,6
하수처리장(C),충남,2024-05-05 12:00,267.8,138.26,328.31,70.33,6.84,295584,1.3,8.935,0.2,8.449,0.14,1
하수처리장(C),충남,2024-05-04 12:00,269.01,102.95,120.24,56.21,7.34,223453,2,16.914,1.049,9.093,0.468,12
하수처리장(C),충남,2024-05-03 12:00,269.24,104.07,260.09,64.53,5.98,218023,0.8,18.179,2.787,11.163,0.142,4
하수처리장(C),충남,2024-05-02 12:00,276.32,131.74,201.27,75.02,5.62,201686,1.1,12.717,0.867,10.821,0.215,3
하수처리장(C),충남,2024-05-01 12:00,259.4,91.74,213.11,53.14,5.27,233005,1,12.166,0.7,10.203,0.382,9
하수처리장(C),충남,2024-04-30 12:00,289.55,89.93,265.89,56.04,5.62,197122,2.2,16.029,0.2,8.123,0,9
하수처리장(C),충남,2024-04-29 12:00,225.48,151.42,291.54,77,8.15,256114,0.7,13.662,0.139,6.211,0.117,42
하수처리장(C),충남,2024-04-28 12:00,231.89,67.17,253.83,50.44,6.12,261930,1,15.72,0.9,3.417,0,8
하수처리장(C),충남,2024-04-27 12:00,334.77,115.68,186.64,84.38,7.01,210399,1.2,13.289,0.517,8.936,0.116,76
하수처리장(C),충남,2024-04-26 12:00,222.03,178.8,305.56,101.23,6.69,191508,1.4,17.554,1.892,10.116,0.151,5
하수처리장(C),충남,2024-04-25 12:00,232.25,78.89,213.64,40.88,5.87,258592,1,10.125,1.061,5.578,0.14,57
하수처리장(C),충남,2024-04-24 12:00,283.82,115.35,226.85,88.21,6.36,238180,3.3,13.191,4.036,6.52,0.041,36
하수처리장(C),충남,2024-04-23 12:00,244.51,132.78,280.58,73.72,5.26,214503,0.8,13.581,0.139,10.72,0.123,8
하수처리장(C),충남,2024-04-22 12:00,262.97,136.51,301.72,78.68,5.94,187090,1,12.22,7.159,11.317,0.239,5
하수처리장(C),충남,2024-04-21 12:00,237.97,122.56,188.87,63.89,6.34,225451,2.4,13.462,0.218,14.237,0.178,26
하수처리장(C),충남,2024-04-20 12:00,207.06,74.09,209.03,83.53,5.32,270570,1.6,17.093,0.9,13.181,0.343,34
하수처리장(C),충남,2024-04-19 12:00,220.02,141.38,298.86,61.11,7.22,255475,1.6,11.522,0.2,5.917,0.121,49
하수처리장(C),충남,2024-04-18 12:00,297.42,68.98,221.35,89.41,5.69,170710,1,13.584,0.7,8.271,0.123,62
하수처리장(C),충남,2024-04-17 12:00,224.73,142.48,234.26,62.83,7.38,174907,1,12.117,1.083,5.578,0.251,19
하수처리장(C),충남,2024-04-16 12:00,219.95,173.59,248.19,79.72,5.35,157672,1.4,12.05,0.9,10.203,0.275,7
하수처리장(C),충남,2024-04-15 12:00,248.04,121.74,266.84,77.83,7.64,223624,1.6,10.187,0.7,7.251,0.122,30
하수처리장(C),충남,2024-04-14 12:00,291.37,136.47,325.45,83.52,6.73,191328,1.7,11.773,0.7,13.428,0.129,12
하수처리장(C),충남,2024-04-13 12:00,224.79,87.84,256.91,71.43,6.78,156657,1.2,17.372,1.189,7.254,0.274,6
하수처리장(C),충남,2024-04-12 12:00,193.08,97.14,177.37,54.04,4.48,277850,1,18.757,0.2,8.566,0.468,26
하수처리장(C),충남,2024-04-11 12:00,243.24,125.12,272.98,63.83,6.83,212355,2,9.313,0.673,11.946,0.404,18
하수처리장(C),충남,2024-04-10 12:00,205.22,78.44,305.29,89.96,6.38,226779,1.2,11.274,0.965,11.318,0.179,21
하수처리장(C),충남,2024-04-09 12:00,362.16,127.27,220.81,59.01,5.92,205229,1.2,13.371,0.7,6.364,0.3,4
하수처리장(C),충남,2024-04-08 12:00,226.67,83.61,229.46,50.77,6.02,222976,1.8,16.724,1.1,7.254,0.123,5
하수처리장(C),충남,2024-04-07 12:00,276.16,90.7,308.07,51.96,5.97,208803,1,12.659,0.8,5.718,0.186,4
하수처리장(C),충남,2024-04-06 12:00,206.43,120.72,246.13,77,5.49,256723,1.7,10.61,1.058,8.902,0.146,17
하수처리장(C),충남,2024-04-05 12:00,270.15,63.81,238.23,90.61,5.93,234653,1.4,13.693,0.7,8.123,0.529,8
하수처리장(C),충남,2024-04-04 12:00,212.22,119.86,243.28,67.3,6.46,241480,2.2,18.17,0.678,8.593,0.21,3
하수처리장(C),충남,2024-04-03 12:00,304.03,80.61,244.1,78.35,4.78,171259,1.7,12.66,0.7,7.405,0.209,35
하수처리장(C),충남,2024-04-02 12:00,240.34,121.81,237.47,99.08,6.3,282022,1.1,15.123,0.765,10.737,0.136,9
하수처리장(C),충남,2024-04-01 12:00,263.13,71.43,226.48,95.09,7.73,216392,2.4,19.587,0.7,5.9,0.518,10
하수처리장(C),충남,2024-03-31 12:00,375.49,75.13,403.65,59.93,6.94,206434,1.2,13,1.023,6.515,0.259,7
하수처리장(C),충남,2024-03-30 12:00,265.21,123.78,253.25,62.54,6.33,201308,0.8,11.721,0.447,13.34,0.156,20
하수처리장(C),충남,2024-03-29 12:00,246.54,109.19,240.35,60.58,7.3,175173,1.6,13.264,1.469,5.299,0.262,90
하수처리장(C),충남,2024-03-28 12:00,287.29,87.43,315.24,64.2,6.64,263693,2.2,15.799,1.441,14.822,0.158,9
하수처리장(C),충남,2024-03-27 12:00,253.33,105.5,225.63,63.25,5.83,243901,3.3,12.891,0.834,13.09,0.158,5
하수처리장(C),충남,2024-03-26 12:00,234.01,161.3,166.59,86.82,6.91,289921,3.2,18.447,1.294,7.892,0.307,9
하수처리장(C),충남,2024-03-25 12:00,277.48,66.29,241.26,68.63,6.18,255512,1.9,15.891,0.7,13.34,0.412,69
하수처리장(C),충남,2024-03-24 12:00,273.97,102.79,297.03,54.6,5.93,175046,1,17.902,1.813,8.105,0.11,12
하수처리장(C),충남,2024-03-23 12:00,302.72,178.8,246.47,93.49,5.12,265032,1.3,12.476,0.2,11.945,0.272,16
하수처리장(C),충남,2024-03-22 12:00,237.86,140.76,270.07,52.9,5.92,275918,2,11.626,0.676,8.996,0.127,23
하수처리장(C),충남,2024-03-21 12:00,261.46,101.07,275.44,66.94,5.93,218181,1.4,13.12,1.103,12.642,0.123,28
하수처리장(C),충남,2024-03-20 12:00,287.22,103.3,348.9,93.49,6.13,193595,2.2,12.711,0.8,5.307,0.14,9
하수처리장(C),충남,2024-03-19 12:00,279.48,92.61,247,118.52,5.76,155876,2.4,11.19,0.544,9.129,0.264,46
하수처리장(C),충남,2024-03-18 12:00,307.14,117.54,219.23,49.51,7.45,206967,0.9,11.377,1.733,10.771,0.449,10
하수처리장(C),충남,2024-03-17 12:00,296.12,54.78,194.23,64.39,6.52,216978,1.3,11.878,0.2,4.689,0.379,39
하수처리장(C),충남,2024-03-16 12:00,203.81,97.47,232.15,104.46,7,260557,2,15.064,1.672,6.518,0.314,4
하수처리장(C),충남,2024-03-15 12:00,276.47,73.66,260.71,73.47,6.39,206372,1.2,17.301,0.674,8.282,0.567,16
하수처리장(C),충남,2024-03-14 12:00,264.57,95.52,248.52,74.95,5.5,223932,1,11.433,0.177,8.271,0.259,17
하수처리장(C),충남,2024-03-13 12:00,312.89,117.71,359.48,91.37,4.7,168590,1,11.358,0.134,5.307,0.135,8
하수처리장(C),충남,2024-03-12 12:00,288.11,127.67,203.29,96.49,5.06,280503,1.2,12.679,0.7,7.368,0.178,20
하수처리장(C),충남,2024-03-11 12:00,209.38,70.13,299.83,61.89,8.02,280517,1.1,17.523,0.857,13.09,0.404,7
하수처리장(C),충남,2024-03-10 12:00,344.07,71.52,292.38,56.68,7.62,187830,1.5,13.399,0.9,10.409,0.136,16
하수처리장(C),충남,2024-03-09 12:00,211.3,134.95,243.03,63.24,8.43,206247,1,13.547,0.2,6.94,0.23,32
하수처리장(C),충남,2024-03-08 12:00,222.92,102.58,240.45,67.83,4.9,269444,1.1,10.467,0.9,7.405,0.144,26
하수처리장(C),충남,2024-03-07 12:00,355.37,81.16,247.38,83.03,7.74,201797,1.1,11.7,0.7,13.09,0.274,27
하수처리장(C),충남,2024-03-06 12:00,293.54,71.99,221.72,102.01,5.3,199941,1.1,13.985,0.7,6.728,0.483,13
하수처리장(C),충남,2024-03-05 12:00,298.25,149.9,276.74,72.85,6.34,184182,2.6,13.428,0.7,11.37,0.353,30
하수처리장(C),충남,2024-03-04 12:00,257.42,125.45,225.98,53.09,7.64,160111,1.3,11.429,3.873,5.917,0.453,31
하수처리장(C),충남,2024-03-03 12:00,243.44,74.7,231.79,70.58,5.58,204907,1.1,12.706,0.2,3.551,0.092,18
하수처리장(C),충남,2024-03-02 12:00,213.37,90.63,233.08,56.51,5.46,274327,1.8,12.294,0.8,10.906,0.272,64
하수처리장(C),충남,2024-03-01 12:00,221.98,109.86,223.05,58.73,5.68,192486,1.1,11.738,0.9,5.118,0.379,8
하수처리장(C),충남,2024-02-29 12:00,295.7,110.02,204.26,78.07,7.59,268971,1.1,15.162,0.178,5.946,0.165,2
하수처리장(C),충남,2024-02-28 12:00,240.7,53.03,261.03,73.96,5.68,211583,1.1,12.388,0.7,10.742,0.301,1
하수처리장(C),충남,2024-02-27 12:00,214.87,87.75,277.89,85.25,5.68,207593,2.2,14.792,1.5,12.743,0.229,34
하수처리장(C),충남,2024-02-26 12:00,292.47,68.6,278.31,77.6,7.15,168254,1.5,15.304,1.5,14.785,0.314,18
하수처리장(C),충남,2024-02-25 12:00,322.65,92.03,223.01,118.52,8.56,217921,1.5,13.319,1.5,12.152,0.643,0
하수처리장(C),충남,2024-02-24 12:00,246.04,78.14,192.28,62.99,6.64,236999,1.1,13.936,0.713,12.245,0.228,0
하수처리장(C),충남,2024-02-23 12:00,250.77,98.3,227.17,66.98,6.36,232240,0.9,16.163,0.492,8.407,0.394,42
하수처리장(C),충남,2024-02-22 12:00,301.5,132.45,233.22,67.81,7.42,222831,3.3,16.03,1.016,12.703,0.506,19
하수처리장(C),충남,2024-02-21 12:00,313.37,101.76,289.12,105.04,6.51,278658,0.9,15.815,0.879,12.343,0.624,36
하수처리장(C),충남,2024-02-20 12:00,245.79,89.47,227.04,51.57,3.93,222262,1.7,14.034,0.7,13.312,0.419,60
하수처리장(C),충남,2024-02-19 12:00,257.62,92,186.75,91.6,5.85,251449,1.9,13.182,2.478,8.321,0.23,0
하수처리장(C),충남,2024-02-18 12:00,283.29,98.45,188.73,54.57,8.1,266323,2.5,15.033,0.793,10.19,0.283,19
하수처리장(C),충남,2024-02-17 12:00,261.13,100.41,181.59,73.02,3.73,253230,1.1,14.889,0.331,10.629,0.327,34
하수처리장(C),충남,2024-02-16 12:00,269,96.93,239.35,59.84,5.98,210761,1.5,15.885,0.7,9.059,0.362,10
하수처리장(C),충남,2024-02-15 12:00,263.21,141.95,280.16,68.69,8.64,216221,1.8,17.952,1.238,10.913,0.235,3
하수처리장(C),충남,2024-02-14 12:00,184.75,90.83,290.68,73.96,5.64,200477,1.5,14.587,1.5,10.962,0.089,8
하수처리장(C),충남,2024-02-13 12:00,212.27,94.64,236.08,56.4,5.23,158008,1.6,16.872,1.136,8.857,0.419,13
하수처리장(C),충남,2024-02-12 12:00,292.61,177.43,238.61,62.71,4.81,260735,1.8,9.536,0.7,13.062,0.13,26
하수처리장(C),충남,2024-02-11 12:00,255.32,92.98,203.99,62.54,5.46,221310,1,12.187,2.278,9.631,0.058,1
하수처리장(C),충남,2024-02-10 12:00,241.4,143.3,247.3,65.23,6.27,223338,1.4,11.39,0.7,9.938,0.239,20
하수처리장(C),충남,2024-02-09 12:00,238.72,178.8,241.35,53.43,4.76,214687,1.4,11.946,2.551,8.857,0.423,35
하수처리장(C),충남,2024-02-08 12:00,246.01,98.49,265.81,59.5,6.93,220033,0.9,15.419,0.774,11.78,0.44,107
하수처리장(C),충남,2024-02-07 12:00,239.34,163.09,329.92,86.18,5.83,262645,1.5,12.566,0.975,7.852,0.214,17
하수처리장(C),충남,2024-02-06 12:00,236.62,121.15,338.68,81.01,5.79,165674,3.1,15.24,1.085,11.608,0.217,72
하수처리장(C),충남,2024-02-05 12:00,211.15,88.55,239.99,48.61,6.86,165200,2.7,17.851,0.961,5.946,0.483,26
하수처리장(C),충남,2024-02-04 12:00,379.8,88.16,210.42,56.62,6.07,222967,1.4,13.166,0.981,17.508,0.454,37
